edad,salario,productos,churn
25,2000,1,0
30,3500,2,0
45,5000,3,1
50,6000,2,1
35,4000,2,0
28,2500,1,0
55,7000,4,1
42,4500,3,1
29,2700,1,0
48,5200,3,1
40,4300,2,0
52,6200,3,1
33,3800,2,0
58,7500,4,1
27,2400,1,0
31,3200,2,0
46,5400,3,1
37,4100,2,0
60,8100,4,1
26,2300,1,0
44,4800,3,1
39,4200,2,0
53,6400,3,1
34,3600,2,0
57,7300,4,1
29,2900,1,0
41,4600,2,0
49,5600,3,1
32,3400,2,0
56,7100,4,1
38,4050,2,0
47,5450,3,1
24,2100,1,0
51,6050,3,1
36,3950,2,0
59,7800,4,1
43,4700,3,1
30,3100,2,0
54,6650,3,1
58,2712,1,1
33,3628,2,0
61,7867,5,0
45,2060,1,0
32,5939,5,0
30,7665,5,1
46,6627,3,1
18,8016,2,0
39,4076,2,0
39,2637,1,0
40,8742,3,1
20,7777,4,1
42,2445,5,0
58,6866,3,1
63,2369,1,0
36,2453,2,0
42,4077,4,0
41,3132,3,0
60,3987,1,0
28,6175,2,0
42,4011,5,0
38,8704,1,0
20,8394,3,1
22,3528,5,1
38,3541,4,0
59,5558,2,1
33,7902,5,1
65,6588,4,1
43,4765,2,0
26,5974,4,0
21,8854,1,0
28,8288,4,1
42,4926,5,1
51,3859,5,1
18,7372,1,0
52,7951,3,1
39,2713,3,0
47,1826,3,1
29,5958,1,1
37,8694,5,1
27,4863,2,0
51,1804,5,1
19,2716,3,1
37,3761,1,0
54,2445,1,1
22,8030,5,1
26,7204,4,1
28,3971,5,1
45,3535,5,1
62,3447,3,1
60,7123,3,1
51,5498,1,1
22,4569,1,0
32,6620,2,0
63,6969,1,1
20,8842,3,0
33,4081,4,0
26,7725,5,1
33,8227,4,1
30,2572,1,0
40,5269,4,1
64,2243,1,0
64,4579,1,0
30,6193,4,0
29,4081,4,0
22,5430,5,0
59,6228,1,1
33,3162,4,0
31,8883,4,1
28,4904,1,0
34,8223,4,1
62,7784,5,1
49,3068,2,0
21,6544,5,0
38,2268,1,0
50,8785,5,0
50,2456,2,0
22,7331,2,0
54,3816,5,1
57,2471,4,1
54,6082,3,1
31,7286,3,1
43,2872,3,0
22,1876,4,0
54,2619,1,0
50,3972,2,1
22,3801,3,0
46,8630,5,1
57,8411,5,0
53,4252,1,1
26,3966,1,0
65,6332,2,1
56,3525,3,1
58,8787,3,1
34,8731,1,0
45,8594,3,0
39,8117,2,0
34,3123,4,0
45,6394,1,0
62,3021,5,0
41,6571,5,0
26,2142,3,0
20,4731,2,0
60,2642,3,1
44,6884,2,1
33,8882,2,1
29,5177,1,0
39,8209,4,1
65,8441,2,1
62,2685,4,1
48,3622,2,1
47,4664,3,1
32,3626,1,0
43,4489,3,1
35,4676,5,0
52,4512,1,0
34,3262,5,1
34,2113,1,0
40,7768,3,1
50,2747,4,1
30,3886,1,0
18,6059,5,1
65,7837,2,1
22,7241,3,1
60,8746,1,1
37,5954,3,1
38,5096,3,1
30,5244,4,1
29,6842,5,1
53,8629,1,1
31,5321,5,1
38,5609,4,1
31,5987,4,1
65,3190,1,0
60,6985,5,1
33,7311,3,1
30,3007,1,0
48,6807,1,1
58,6515,2,1
42,5849,4,1
59,7433,1,1
24,8176,4,1
62,6043,4,0
33,8749,1,0
47,7268,5,1
56,4399,4,1
64,5935,4,1
53,5452,2,1
48,5486,3,1
58,4071,5,1
33,4049,4,0
36,3720,3,0
52,2460,2,0
42,7484,2,1
22,5198,4,1
47,5206,1,1
44,4990,5,1
19,8818,5,1
18,4681,3,1
44,6209,5,1
32,5799,2,0
49,2037,4,1
61,8338,4,1
47,2845,5,1
43,6648,5,1
23,7065,4,0
47,3288,1,0
38,3533,4,0
42,4079,4,0
23,5652,1,1
21,4666,2,0
59,2129,1,1
30,8674,1,0
33,2834,4,0
54,3585,4,1
41,3174,5,0
65,7684,1,1
28,4348,1,0
37,6516,4,1
63,3424,1,0
58,3789,1,0
37,8765,5,1
54,8211,1,1
45,7219,3,0
59,4595,1,1
49,2664,4,1
58,8588,4,1
45,3242,5,1
35,6845,5,1
47,5368,5,1
33,8605,1,0
46,3797,4,1
60,4904,3,0
38,3289,4,0
34,4588,3,1
62,4063,5,0
30,2501,2,0
49,6348,2,1
59,7631,4,1
19,2562,3,0
62,3793,3,1
41,5676,5,1
45,7910,5,1
62,5517,3,1
32,2788,2,0
65,6189,2,0
65,5766,3,1
51,6688,3,1
30,4226,2,0
37,1915,5,0
20,2246,5,0
26,7025,4,0
18,6502,3,1
46,4591,2,1
34,8859,4,0
22,5082,4,0
58,7423,1,0
54,4289,1,1
25,6371,4,1
57,3648,5,1
46,4235,5,1
37,6458,5,0
65,2612,2,0
34,7210,1,0
29,6321,1,0
44,5490,5,1
20,3696,3,1
62,8841,4,0
32,3967,5,0
30,5282,1,0
59,3020,3,1
22,2288,2,0
56,7935,5,1
46,2818,4,1
62,5097,3,1
49,5386,1,1
45,7817,3,1
19,2548,2,0
54,6609,1,1
61,8529,3,1
29,5654,5,1
35,3286,5,0
49,2547,4,1
39,4430,1,0
39,5172,4,1
43,8464,5,0
23,4376,3,0
43,8885,5,1
18,7187,5,1
21,3336,5,0
49,6923,4,1
31,3987,5,0
36,5389,4,0
58,6787,2,1
37,6312,1,0
23,3640,1,0
25,7106,2,0
63,4190,5,1
44,8638,4,1
33,5541,5,0
30,6710,5,1
26,8878,1,0
44,4584,5,0
18,4117,3,1
55,7206,4,1
46,6212,4,1
53,8049,5,1
38,8923,2,1
33,6484,4,1
44,2157,3,1
63,8447,4,1
60,8291,2,1
20,2834,5,1
39,8924,1,1
46,2616,5,1
18,7718,2,0
59,3064,1,0
34,4573,5,0
59,2457,3,1
52,4913,3,1
49,8946,5,0
22,3723,3,1
65,2540,4,1
58,7566,1,1
62,4253,1,0
21,4203,3,0
27,3800,5,0
61,8292,2,0
23,6792,4,1
33,5876,5,0
47,7025,3,1
60,1876,4,1
61,6277,2,0
40,6613,3,1
45,7455,3,1
37,3431,4,1
24,3743,4,0
54,4223,3,0
60,5042,3,0
61,8175,1,1
65,5869,3,1
32,6773,3,1
30,6886,3,1
64,8087,2,1
58,7094,1,1
46,2073,5,1
26,2538,3,0
44,3238,2,0
52,8979,3,1
35,8603,2,0
48,8406,3,1
39,8388,1,0
22,2953,2,0
64,7324,4,1
53,4796,1,1
18,3966,5,0
41,7311,3,1
58,4843,1,0
48,2005,5,1
53,4487,5,1
22,7005,4,1
37,7118,4,0
20,2104,3,1
25,2596,2,0
26,4983,4,0
65,7505,5,1
65,7752,2,1
59,2611,4,1
35,2068,3,0
46,3734,3,0
61,4809,5,1
59,4738,1,0
30,2800,4,0
31,7056,5,1
21,8245,3,1
26,8246,5,1
53,3497,5,1
32,4491,2,0
56,1823,3,1
27,2864,5,0
29,2700,1,0
40,8271,2,0
19,3227,3,0
65,5248,5,0
22,5701,4,1
50,6663,1,1
32,6838,1,1
60,6071,3,1
19,2298,4,1
45,7420,1,0
46,2402,1,0
27,2338,2,0
58,6595,5,1
42,6693,5,1
50,6759,4,0
62,2737,5,1
31,5323,4,1
44,4576,4,0
64,2578,3,1
60,3888,3,1
61,5685,1,0
23,2563,4,0
65,4852,2,0
55,6400,5,1
25,5165,3,1
45,8911,1,1
56,4359,3,0
50,3542,2,0
32,8740,1,0
53,4811,1,1
54,3652,4,1
57,6826,5,0
60,8594,3,0
35,7556,3,1
40,1850,2,0
54,7184,4,0
65,6986,1,0
51,3562,4,1
39,3089,3,0
38,8163,5,1
21,3074,2,0
21,7321,1,0
60,5273,4,1
44,4037,2,0
25,4627,4,0
61,7358,5,1
60,4326,1,0
56,2248,1,0
31,8086,2,1
36,4487,1,0
65,5327,2,0
52,7564,2,1
60,8404,3,0
65,2146,4,0
22,8862,3,1
54,5113,4,1
43,1970,3,0
57,5569,3,0
24,3793,4,0
51,2444,4,1
65,4581,2,0
28,2425,5,0
51,5977,2,1
40,4676,2,0
27,3896,2,0
27,8027,1,0
58,5847,4,1
55,5477,5,1
57,4447,3,0
22,5641,4,1
35,6644,1,0
22,4342,4,0
21,4820,3,0
23,6838,5,1
47,6554,5,1
65,2136,4,1
54,7139,2,1
48,5907,2,1
46,2647,3,1
23,5933,2,0
63,5386,4,1
57,3100,3,1
36,4973,4,1
61,6697,1,1
59,4541,1,0
53,7357,4,1
64,8776,5,1
39,2467,5,0
40,4341,4,0
63,2494,3,1
59,8285,3,1
60,7557,5,0
60,5268,5,1
41,4330,2,0
39,8076,4,0
26,3069,1,0
24,5958,5,1
51,2109,3,1
57,2873,5,1
28,3281,5,1
28,7707,4,0
41,7340,2,1
57,4134,4,1
33,4335,4,1
30,4813,5,1
47,8103,3,1
50,6120,4,1
30,8363,5,0
34,2227,4,1
53,2640,5,1
36,2487,2,0
50,3007,4,0
32,8490,4,1
19,5198,1,0
41,3731,4,1
41,3639,1,0
24,8674,3,1
26,2113,3,1
48,7502,2,1
48,5474,5,0
23,1955,3,0
27,6295,5,1
25,8158,3,1
25,2191,2,0
57,5544,1,0
49,6688,5,0
50,6510,2,1
36,5316,1,0
33,6474,4,0
60,2501,5,1
22,6109,5,1
50,6339,1,1
48,2156,4,1
34,7922,1,0
22,4624,2,0
58,2649,5,1
39,2892,1,0
39,8464,2,1
61,5606,4,1
26,2316,4,0
30,2158,2,0
38,4340,5,0
52,5678,3,0
59,3365,3,1
21,8892,3,1
41,5379,4,1
42,4577,2,0
49,4809,5,1
23,7756,4,0
56,8536,2,1
38,2640,1,0
36,4310,4,0
45,3165,4,0
20,7754,3,1
45,4049,1,0
58,5127,3,1
65,7365,2,1
27,8752,5,1
46,2085,2,0
59,4800,3,1
54,2065,5,0
46,4838,3,1
22,6501,2,0
43,4375,3,0
25,2012,2,0
42,6401,1,0
34,7567,4,1
57,4139,4,1
26,8786,1,0
63,5446,1,1
38,7270,3,1
53,6241,3,1
28,7631,2,1
50,3636,1,1
26,3739,4,0
53,6488,3,1
53,2863,5,1
22,4333,4,1
64,5721,5,1
44,8544,5,0
38,7062,1,0
61,6038,3,0
53,7041,5,0
26,5344,5,1
21,8610,1,0
37,3148,2,0
63,3647,3,1
51,4126,1,0
58,6312,3,0
37,6833,5,0
59,3181,5,1
27,3202,5,1
56,4565,5,0
19,2465,1,0
54,3968,2,1
44,6863,1,0
58,6269,3,1
37,5756,2,1
61,5126,3,1
62,2290,2,0
48,5604,2,1
27,4360,3,1
40,5066,2,1
50,6401,1,1
47,2803,3,1
27,2593,1,0
42,8879,5,1
28,8464,3,1
64,4361,2,1
49,6016,4,1
37,5874,1,0
43,5940,4,1
31,6578,3,0
36,5854,5,1
59,7309,4,1
18,8740,1,0
34,7759,3,1
41,2170,4,0
53,3394,3,1
22,4964,5,0
53,4091,5,1
25,2854,1,0
39,6369,3,1
30,6735,5,1
20,2171,1,0
39,8386,4,1
27,6766,5,0
57,4409,2,0
57,7856,3,1
50,8585,5,1
63,6411,3,1
19,4817,3,0
44,6581,3,1
64,8944,1,1
34,7170,5,1
64,2220,5,1
51,6952,5,1
42,3010,2,0
62,2700,2,0
38,5230,2,0
31,5161,5,1
48,8950,1,1
51,3498,5,1
60,5718,5,1
29,5565,5,1
40,7336,3,1
30,3819,3,0
32,4238,3,1
62,7575,4,1
40,6391,3,1
54,7342,5,1
43,8504,3,1
27,4179,1,0
63,2447,3,1
59,3900,4,1
52,4021,5,1
26,2694,5,1
33,3786,1,0
51,3648,2,0
44,4505,4,0
26,1842,5,1
28,5133,4,1
30,7992,3,1
59,2284,1,0
32,6183,1,1
29,5223,2,1
20,8650,4,1
29,7935,3,1
18,4244,5,0
39,4131,4,1
52,6095,4,1
26,8771,5,1
30,8425,1,0
64,5559,3,1
18,7834,3,1
54,7324,2,0
58,5121,4,1
23,5083,1,0
26,5711,3,1
18,3936,4,0
35,4500,3,0
54,1893,3,1
62,3735,1,0
47,4313,2,0
50,7563,3,1
58,4216,3,1
32,2894,4,0
65,6762,3,1
53,5657,5,1
31,8041,2,0
56,8952,1,1
51,7565,3,0
54,2719,1,1
50,3456,5,1
28,4487,5,0
61,3482,5,1
50,5449,1,1
50,5203,4,1
53,5587,3,1
43,3884,1,0
55,2398,1,0
62,2322,5,1
22,5667,1,0
29,8099,2,1
64,7091,4,1
42,5474,4,1
61,7221,5,0
40,2771,2,0
43,6132,2,1
32,8638,1,1
37,5592,5,1
42,8544,2,0
40,3070,3,0
64,8070,1,0
60,5234,5,1
19,3771,2,0
56,2075,4,1
63,8945,1,1
20,5095,4,1
31,7979,1,0
36,3718,5,0
56,8128,3,1
27,7208,5,1
37,4054,1,0
55,7822,2,1
45,6353,4,0
40,7070,4,1
38,7504,4,1
37,4883,2,0
48,3774,2,0
63,2982,4,1
53,5180,4,1
26,4981,2,0
39,7097,1,1
41,2557,5,1
30,2222,3,0
56,6739,1,1
30,8391,5,1
53,3577,4,1
39,4283,1,0
30,7874,1,1
48,3787,5,1
43,3760,5,0
36,4918,4,0
40,4326,3,0
49,5617,1,1
64,5646,3,1
41,4363,4,0
32,7872,2,0
53,6584,5,1
36,3048,2,0
42,6467,2,0
59,7410,3,1
49,7727,4,1
64,8312,3,0
64,6277,4,0
52,7057,1,1
22,8501,1,1
44,2926,2,0
27,1874,2,0
41,2295,5,0
57,5758,4,0
52,6319,4,0
51,7716,3,1
36,1940,5,1
61,5327,2,0
24,6095,2,0
57,6112,3,1
35,8312,4,0
43,5560,5,1
62,3650,3,1
23,7155,1,0
42,4889,5,0
58,1877,2,0
45,7083,3,1
24,6126,1,0
62,6443,4,1
22,7406,3,1
54,7191,1,0
38,1928,2,0
63,8524,4,1
37,3130,5,0
42,7346,5,1
65,2946,1,0
40,2239,1,0
22,4590,5,1
56,5049,3,0
35,8218,4,1
40,6330,4,1
61,6599,4,0
57,4219,2,1
23,3995,2,0
58,3063,4,1
24,2549,1,0
46,4748,3,0
23,3335,4,0
53,5997,4,0
23,4699,5,0
56,8226,3,1
18,4190,4,0
23,7737,5,1
33,6485,5,0
42,3188,2,0
35,5839,2,0
45,4060,4,0
22,4758,3,1
64,6920,4,1
30,5550,1,0
18,5041,3,1
42,8386,3,1
45,8480,5,0
38,6741,2,0
29,5062,3,1
62,6984,4,1
33,4469,4,0
43,4790,1,0
30,6651,5,0
53,2020,4,1
31,5391,3,1
22,8508,4,1
26,6988,3,1
60,3062,4,1
22,5478,5,1
43,6177,5,1
62,5226,5,0
41,7547,5,1
23,2695,2,0
40,3162,5,0
59,7349,4,1
39,8322,4,0
24,3919,2,0
51,6371,5,1
32,5451,3,1
61,6621,5,0
19,5754,1,0
23,2750,2,0
39,5530,2,0
40,5700,1,0
62,5506,3,0
20,8437,1,0
39,7108,1,0
28,7866,2,0
53,3111,3,1
47,3699,4,1
29,7046,4,1
65,6830,2,1
45,4985,1,0
31,4080,1,0
52,3331,3,1
47,2733,3,1
49,6123,3,1
57,5015,5,0
40,8726,4,1
61,7583,3,1
55,2494,2,0
33,4301,1,0
62,2958,5,1
56,2929,5,1
29,5786,5,1
59,3219,5,0
36,2949,2,0
46,6874,1,1
18,5769,2,0
42,6400,5,1
44,7409,4,1
46,5803,2,0
19,8319,2,0
35,3641,5,0
47,6433,4,1
25,6491,1,0
52,8544,3,1
20,8025,4,1
45,2638,2,0
20,5484,3,1
23,5396,1,1
33,3519,5,0
63,6799,4,0
26,8229,2,1
21,6470,3,1
56,6213,2,1
63,4197,3,1
50,7364,1,0
44,2285,3,1
26,7546,2,0
63,4438,2,1
61,5017,4,0
58,4001,4,1
22,6990,1,0
65,4079,3,1
49,4481,5,0
64,2563,4,1
62,4734,1,1
43,3584,4,1
49,3999,3,1
39,6283,5,0
49,8257,3,1
21,2176,1,0
47,1933,1,1
28,5415,4,0
45,3457,2,0
37,3102,3,0
41,3851,1,0
59,3155,1,0
37,7747,2,0
23,7564,1,0
48,2438,2,0
51,7370,4,0
62,4614,1,1
45,7485,2,0
32,4938,1,0
24,2645,3,0
37,2923,4,1
26,7055,2,0
54,1869,5,1
46,4676,2,0
27,5172,5,1
31,2510,1,0
25,6629,4,1
45,4376,2,0
59,2490,2,0
56,7707,5,1
62,2019,3,1
56,5974,2,1
36,7093,1,1
33,5854,4,0
49,7027,5,0
18,4758,3,0
54,5247,3,1
29,8048,4,1
22,1936,5,0
34,3567,1,0
43,5950,3,1
50,8084,4,1
43,2475,5,0
27,4073,1,0
50,3464,2,0
43,6604,1,0
45,7779,2,0
23,5359,1,0
56,2250,3,1
60,7867,2,0
63,2924,1,0
40,6084,5,1
64,3923,2,0
65,8198,3,1
25,8119,1,0
45,4028,5,0
63,6523,1,1
50,4750,1,0
54,3167,3,0
24,6501,1,0
50,1821,1,1
18,3803,1,0
42,3029,2,0
20,6329,4,1
33,5209,3,1
22,6482,3,0
61,2231,2,0
51,2176,4,0
47,8894,3,1
37,4481,1,0
18,4822,2,0
37,7858,5,1
41,6647,4,1
30,7800,5,1
33,3033,1,0
19,3708,5,0
62,8986,1,1
18,8017,4,1
64,4319,1,0
33,5239,4,1
27,7629,3,0
32,8726,5,1
41,5555,1,0
50,2893,4,0
54,2310,4,1
26,3739,3,0
38,8360,4,1
65,4472,3,1
32,2411,2,0
55,2692,2,0
46,5617,3,1
52,4735,2,0
47,3970,1,0
61,4292,5,0
38,3015,1,0
40,5046,5,0
37,3931,2,0
43,8800,4,1
53,3846,1,0
26,2794,1,0
32,2870,2,0
41,7422,1,0
34,8458,1,0
22,3419,4,1
23,8740,3,0
47,2214,2,1
45,8531,4,1
42,7396,4,0
31,3333,3,0
27,2083,5,0
33,7102,3,1
53,5724,1,0
42,2924,4,0
51,3841,5,1
42,8205,3,1
49,4618,5,1
42,4015,2,0
56,3594,1,1
35,2279,4,0
55,3706,2,0
60,3775,3,1
65,2258,2,0
42,4706,2,0
55,4405,3,1
19,7562,3,1
54,2964,5,1
49,6241,3,0
20,2539,1,0
32,1963,5,0
39,6830,2,1
39,7673,2,1
38,2287,1,0
63,2960,1,1
41,2394,3,1
60,5040,5,0
37,4442,2,0
64,5378,4,1
29,7593,5,1
57,8247,3,1
55,8472,2,1
64,7440,3,0
64,1814,5,1
54,2065,2,0
57,3609,5,0
49,2952,3,1
33,4641,3,0
23,8531,3,1
34,3517,2,0
40,3902,1,0
21,4961,4,1
28,5191,4,1
40,6273,4,0
48,8261,5,1
61,3647,2,0
20,4215,1,0
24,2407,3,0
42,3118,1,0
23,4568,5,1
48,7571,1,1
59,3151,5,1
28,2238,1,0
30,5152,5,1
64,6224,3,1
37,3745,1,0
54,6302,4,0
41,1831,4,0
60,6920,5,1
24,2010,2,0
36,2471,4,1
37,8229,4,1
60,3970,1,0
42,3314,3,1
41,3328,4,0
46,5609,3,1
35,6422,1,0
62,7267,1,0
40,8420,5,1
55,3663,5,0
42,8504,5,1
52,7428,4,1
33,5701,3,0
63,2084,5,1
51,8357,5,1
57,3007,1,1
46,3216,2,1
30,2833,1,0
61,5366,2,1
58,3011,5,1
64,8413,1,0
53,5055,5,1
35,6057,4,1
18,8243,5,1
44,2721,4,0
54,6616,5,1
24,2665,5,1
36,8906,5,1
44,3963,4,0
54,6788,4,0
35,5101,2,0
61,7482,4,0
39,7456,2,0
48,4000,3,0
37,4347,3,1
62,7410,1,1
32,2900,3,1
46,8140,3,1
44,6755,1,0
31,8549,4,1
51,8904,3,1
50,8283,2,0
63,5951,4,0
51,6458,1,0
30,8656,1,0
47,2214,3,1
35,4817,4,0
58,2814,1,0
49,6666,4,0
48,6607,5,1
28,8662,3,1
62,2540,3,0
21,3134,5,1
31,8821,2,0
61,3493,3,1
50,1964,1,0
26,7103,2,0
18,3633,3,0
37,7638,3,1
42,8776,3,1
31,5623,3,1
57,5053,5,0
50,7226,3,1
56,6789,3,1
24,5746,1,0
35,7047,3,1
34,7174,3,0
51,8070,2,1
56,5110,3,1
64,2008,4,1
34,5228,4,1
20,6576,5,1
39,7751,2,0
58,8229,4,1
60,4736,5,1
28,8686,5,0
24,5656,2,1
64,8421,5,1
29,7368,3,1
32,4710,2,0
37,5244,3,1
55,4208,4,1
48,2239,5,1
57,2383,4,1
50,2781,4,1
44,2242,2,0
30,4607,4,1
47,2973,3,1
29,8181,1,0
58,3248,3,1
18,5503,3,1
28,6520,2,0
23,2860,5,0
45,5104,4,1
42,1838,1,0
64,4856,1,1
51,3361,1,0
58,7809,2,1
40,4356,2,0
50,6622,3,0
20,4242,3,0
51,6685,5,1
61,2896,3,1
49,4742,2,0
43,1956,2,0
26,3530,1,0
28,2808,3,1
20,4873,3,1
57,2198,5,1
60,2685,1,0
25,5214,4,1
53,3870,4,1
31,7495,1,0
60,2627,5,1
56,7540,2,1
24,5990,5,0
25,8228,1,0
56,3436,3,1
30,4732,4,0
20,6290,4,1
62,5737,3,1
18,7302,1,1
54,7280,4,0
23,8185,5,0
64,2629,3,1
47,4225,3,1
24,8461,2,1
36,4750,3,0
25,2578,1,0
26,7234,2,0
46,6893,3,1
23,4852,3,0
43,5078,4,1
42,7451,4,1
59,8328,2,0
62,7750,1,1
28,2649,4,1
48,8372,5,1
29,6807,4,1
57,2036,2,0
49,2725,4,1
22,3943,3,0
61,6099,5,1
32,7287,3,1
62,7539,5,0
60,7752,2,1
60,7340,4,0
53,6820,1,0
28,5941,4,1
28,2413,4,0
39,4078,1,0
53,7070,4,1
33,2445,4,0
54,5470,1,1
46,4389,1,1
65,7152,1,0
44,2093,5,0
23,8286,5,1
58,4295,5,1
59,7300,4,1
41,8560,1,1
47,4519,5,1
56,5675,3,1
25,2598,2,0
40,8598,3,1
41,7551,1,0
28,5833,2,1
65,7711,4,0
57,3404,2,0
43,3566,4,1
30,7671,3,0
44,2180,5,0
46,5546,5,1
26,5886,1,0
21,6332,4,1
48,5964,2,1
29,7784,2,0
60,6719,5,1
50,4951,4,1
62,8045,2,1
39,4209,4,1
26,5181,5,1
65,5996,3,1
53,8850,3,1
53,6982,2,1
57,7652,3,1
61,2886,2,0
62,7017,3,1
40,6406,4,1
60,7617,4,1
52,4142,4,1
51,2672,1,0
21,7290,1,0
28,4147,3,0
21,7457,3,1
52,2064,3,1
24,6847,5,1
65,7101,5,1
50,8225,3,1
21,4925,4,0
61,4361,5,0
65,3858,2,0
46,8599,2,1
63,7612,3,1
52,7849,5,0
64,3385,3,1
61,2410,2,1
65,6009,1,1
45,4086,5,0
28,6584,3,0
47,7613,2,0
38,6689,1,1
58,6843,3,1
54,6306,3,0
63,4403,5,1
29,6064,1,1
28,5207,5,1
23,4662,2,0
60,4518,3,1
31,7965,5,1
53,8547,1,0
40,5450,2,1
57,6888,2,1
61,4429,4,1
25,4961,3,0
36,2002,5,1
41,6013,5,1
20,4228,2,0
23,2586,2,0
52,6168,1,1
31,7291,2,1
45,8645,1,0
62,8997,4,1
22,7918,2,0
63,4517,1,0
21,3258,3,0
54,8530,2,1
44,4978,4,0
45,4391,1,0
25,6181,1,0
57,2318,5,0
22,4730,5,0
61,4268,5,0
46,4924,4,1
19,5682,2,0
26,7917,4,1
52,4216,2,0
64,7107,3,1
18,6334,5,0
20,1841,5,0
52,6285,1,1
65,7873,3,1
59,8775,5,0
29,3608,5,1
30,2738,2,0
54,8781,1,1
53,5578,5,0
60,2351,3,0
64,6556,4,1
40,2850,2,0
57,2371,2,0
46,4489,5,1
62,6585,2,1
41,8416,3,1
28,1839,3,0
32,7634,4,1
41,2900,3,1
47,5448,3,1
49,6319,1,0
56,2471,3,1
26,6212,2,0
58,2426,1,1
50,6974,1,1
55,5118,5,1
20,6318,3,1
52,5667,2,1
32,8125,5,1
36,2896,4,0
23,5050,3,1
60,3756,5,1
50,2949,4,0
54,6435,2,1
48,4739,1,0
49,3698,1,0
32,2150,2,0
41,4979,4,1
20,2126,3,0
51,6990,3,1
34,6540,5,1
42,7154,4,1
59,8644,1,1
42,3625,5,0
40,5788,4,1
18,5911,2,0
32,2431,5,0
31,3030,2,0
56,7676,1,1
44,8445,3,1
48,7331,4,1
55,3120,4,0
20,2847,5,0
26,6957,5,0
54,3003,1,0
29,6032,4,1
54,7023,1,1
64,7221,3,1
31,5479,5,1
48,3197,2,1
56,2969,5,1
29,6905,5,1
64,7416,3,1
56,6638,1,1
42,2883,1,0
51,8841,5,1
27,6760,1,0
57,6713,1,1
52,5923,1,0
60,2867,5,1
18,8147,4,1
41,8966,1,0
45,3679,4,1
42,4671,5,1
62,6519,1,1
34,5708,2,1
23,4120,5,1
44,3911,2,0
65,8266,1,1
25,6057,1,0
31,7434,3,1
24,3067,4,0
34,3940,5,0
41,6812,3,1
43,7984,2,0
53,5752,2,1
53,5762,3,1
54,4620,4,1
60,2775,2,0
62,3125,1,0
43,8239,3,1
57,7510,1,0
58,1843,1,1
48,6717,4,0
34,3616,3,0
20,7735,4,1
43,6829,5,1
56,2270,2,0
46,1887,2,1
51,4142,2,0
56,5982,5,1
57,3188,1,0
59,1802,2,0
35,8187,4,1
43,5121,5,1
18,7836,1,1
53,4130,5,1
40,4646,3,0
30,5525,4,1
34,3233,4,0
53,2392,5,1
25,8377,5,1
52,8461,5,1
46,4889,5,1
33,8005,3,1
47,7383,4,1
19,5748,1,0
42,6990,2,0
32,8354,3,1
40,6031,5,0
34,3833,3,0
61,7934,3,0
29,5703,3,1
54,4004,2,1
61,3357,4,1
33,7824,2,1
31,3677,2,0
57,4716,2,1
25,2442,4,0
52,2146,4,1
38,5833,5,1
49,3298,5,1
32,7945,5,0
51,8347,4,1
52,2066,5,1
61,8156,2,1
25,7520,5,1
62,1868,1,0
42,6559,1,0
57,8860,3,0
34,3742,3,0
57,4610,3,0
45,3524,4,1
41,4790,4,0
29,6480,2,1
61,3672,1,1
33,6349,4,1
30,2994,2,0
18,3246,4,0
58,6035,5,1
49,4257,3,1
54,2190,4,0
28,2291,2,0
48,8672,1,1
39,3928,3,0
53,8435,3,1
44,2793,3,1
56,3429,5,1
59,6210,2,1
36,4709,3,0
49,8146,4,1
42,6827,3,1
27,8912,2,0
39,5255,5,1
22,2448,2,0
38,4395,3,1
56,7080,4,1
46,8197,3,1
51,5488,4,0
19,2824,2,0
65,7540,1,1
43,2643,1,0
48,6292,1,0
43,6092,1,0
57,3072,1,0
42,4334,2,0
36,5430,2,0
28,2034,1,0
38,8879,4,1
52,4031,5,1
62,6217,2,1
47,6969,5,1
58,7039,5,1
40,5745,5,1
23,5419,3,1
34,3075,3,0
51,8479,2,1
48,6183,1,1
49,7988,4,1
45,8336,3,1
18,6290,3,0
53,5380,4,1
63,7838,4,1
32,3954,1,0
33,6032,5,1
61,4027,3,1
52,8425,3,1
22,3294,2,0
58,5530,5,1
62,6901,4,0
19,3046,1,0
19,3323,1,0
26,7658,4,1
32,2538,2,0
31,4600,4,0
49,4842,4,1
20,4505,1,0
27,2259,3,1
22,6249,4,0
34,8494,4,1
25,8092,2,0
46,3824,1,0
65,8115,1,1
31,5673,4,1
37,4446,2,0
20,7900,5,1
34,5742,3,0
21,8875,2,1
33,6984,4,1
28,8307,3,1
43,8264,2,0
20,6560,4,1
27,4842,1,0
49,2548,5,1
58,2291,1,0
27,7545,5,1
26,5796,2,0
53,8259,3,1
46,7806,2,0
42,4734,2,0
20,5775,4,1
52,7510,4,0
29,6253,3,1
47,4055,5,1
53,3113,1,0
46,4222,3,1
47,1805,5,1
29,1953,5,1
57,3756,3,1
60,6215,4,0
61,5875,5,0
36,4442,4,0
25,2588,5,0
20,8641,2,0
20,3455,1,0
24,2060,5,0
42,7189,4,1
62,6635,3,0
32,6763,1,0
31,7171,4,1
23,5634,1,0
65,5207,3,1
21,8547,5,1
20,7815,1,1
22,3568,5,0
64,3692,5,1
30,6110,2,0
29,6374,5,1
24,8077,5,1
47,7555,4,1
28,8291,2,0
50,4564,2,0
56,5429,3,1
53,4459,3,1
58,5327,3,1
54,6269,2,1
53,7899,3,1
46,5465,4,0
20,4130,5,0
26,4272,1,0
32,3559,3,0
62,8536,3,1
50,6357,5,1
27,2572,1,0
27,2933,3,0
55,3846,2,0
37,2552,5,0
31,7815,1,1
48,3216,4,1
62,7557,5,1
24,6676,3,0
54,4925,1,1
39,4650,4,0
25,8925,2,1
56,1893,4,0
51,2137,3,1
27,4477,5,0
27,2213,4,1
56,6512,5,0
45,4173,4,0
39,2476,4,0
21,6290,4,1
43,5910,4,1
26,8042,2,0
30,5796,4,1
30,6397,5,1
51,3817,2,0
45,4449,5,0
60,5188,4,1
30,4427,3,0
19,8105,3,0
40,6848,4,1
46,2167,2,0
41,3077,1,0
21,3791,5,1
36,1912,3,0
25,4299,4,0
39,3512,5,0
52,6086,3,1
57,7779,2,1
60,1950,4,1
60,6115,1,1
21,4126,2,0
57,4022,1,0
18,2345,4,0
60,8780,3,1
19,4196,4,0
42,5965,1,1
49,8900,5,1
29,3429,5,1
53,7636,1,0
51,4297,3,1
65,3086,1,0
40,4711,3,0
50,4059,1,0
42,8475,1,1
35,3647,2,0
43,7181,2,0
42,6065,5,1
61,3663,4,1
27,5293,3,1
39,5479,5,0
59,2935,5,1
30,8866,2,0
63,6091,2,1
27,7175,5,1
38,2355,5,0
64,2769,2,0
27,7756,1,1
44,5168,3,1
58,7848,3,0
30,2674,2,0
57,6854,3,1
57,3691,5,1
61,2013,3,0
48,2898,5,1
48,7632,3,0
42,5825,4,0
30,3653,1,0
18,4010,4,0
60,3461,2,0
46,8903,5,1
38,8900,4,1
45,5116,1,0
42,7699,3,1
65,6485,5,1
59,8974,1,1
46,5542,1,1
33,6049,5,1
65,2121,5,1
58,2203,2,0
43,4294,3,0
45,4211,5,1
62,6035,2,1
59,5500,1,1
25,3272,5,1
62,6276,2,1
38,5493,1,0
55,7637,2,1
23,3848,3,0
63,8324,2,1
25,2547,1,0
58,4773,1,0
42,7754,5,1
28,4902,5,0
28,4545,5,1
27,3128,2,0
63,2220,4,1
64,8096,4,1
29,2763,2,0
18,6900,3,0
49,8807,4,1
18,6780,4,1
55,7202,4,1
46,2450,5,1
33,6283,3,1
53,8518,2,0
27,2251,3,0
20,7264,5,1
37,4512,1,0
44,3260,2,0
57,7214,5,1
53,3253,4,1
41,2093,1,0
38,4819,4,1
45,8708,5,0
48,2902,1,0
35,4496,5,0
31,7500,2,0
24,6480,5,1
48,7731,5,1
63,4152,4,1
38,3927,5,0
57,4698,2,0
49,6057,4,1
29,6792,2,1
30,1812,1,0
58,8326,1,1
31,8350,5,1
44,2172,3,0
58,3539,1,0
62,4107,3,1
37,4259,5,0
18,2732,3,0
64,6460,5,1
29,3389,3,1
61,5724,4,1
59,2912,4,0
47,8887,5,1
47,8222,4,1
21,8641,5,1
64,7355,3,1
19,3506,5,0
40,2342,2,0
19,4578,4,0
28,6477,5,1
56,2757,3,1
38,7615,1,0
23,5871,2,0
37,3570,5,0
25,4865,1,0
23,5435,5,0
48,5896,2,0
48,7800,5,1
38,2973,1,0
51,7343,2,1
20,5563,4,1
51,2748,1,0
20,7428,5,1
39,5624,1,0
60,7907,3,0
37,7033,2,0
30,4147,3,0
46,7297,1,1
28,4041,1,0
57,6384,5,0
52,4669,5,1
27,7570,3,1
28,2383,3,0
39,6228,4,0
19,5656,1,0
21,2505,4,0
63,6683,5,1
62,7529,4,1
37,4522,2,0
60,8429,5,0
47,6451,2,0
62,5636,1,1
61,7079,4,1
32,2977,5,0
41,5011,2,0
60,4506,3,1
19,2335,4,0
48,5578,2,1
40,6751,5,0
24,5123,1,0
59,2381,3,1
43,6637,4,1
33,6288,2,1
42,2341,3,0
62,6641,4,1
45,6446,3,1
33,3217,1,0
63,6503,4,0
56,5592,3,1
46,3243,3,1
22,6700,1,0
56,8118,4,1
59,7208,1,0
26,6557,1,1
60,3022,4,1
42,6842,5,1
31,7382,3,1
61,4294,4,1
40,2531,5,0
50,5111,2,1
21,4824,5,1
18,7561,5,1
40,2698,3,1
33,5336,5,1
38,7630,4,1
45,6265,2,0
48,2939,2,0
41,8680,4,0
60,2828,2,0
59,1928,2,1
49,7189,4,1
26,2493,2,0
44,8846,4,1
62,6751,4,1
47,5973,4,1
46,4951,3,1
45,6752,1,0
64,3739,5,1
52,6521,3,0
20,6454,4,1
25,6553,4,1
23,2963,5,1
35,5608,5,0
57,2524,2,0
65,7237,1,1
52,8338,5,1
21,4614,5,1
48,5519,5,1
54,7811,3,1
36,4169,2,0
56,7939,3,1
54,3933,1,0
55,3185,5,0
36,8426,5,0
49,2475,2,0
35,3864,2,0
35,8827,3,0
25,6746,2,1
65,3038,4,1
29,3940,2,0
51,8861,1,1
23,2988,5,1
27,8661,4,1
44,8110,4,1
46,7747,2,1
64,8696,3,0
34,7988,1,0
47,5066,4,1
65,7963,5,1
61,7580,4,1
27,6145,4,0
46,4929,3,1
61,2136,1,1
58,4698,4,1
59,8831,3,1
35,8372,1,0
55,5004,4,1
65,3780,5,1
51,4564,2,0
18,7311,1,1
18,5168,1,0
61,5453,3,1
36,3863,2,0
57,2553,1,1
60,8644,2,1
58,2797,1,0
56,2864,4,1
59,6437,2,1
62,3309,3,1
60,2420,4,1
35,8102,4,1
60,8106,3,1
22,4071,1,0
39,2292,3,1
34,3257,4,0
30,6799,4,0
49,2688,2,0
45,3589,5,0
46,7660,3,0
22,2376,5,1
46,1953,4,0
58,1807,1,0
35,3041,3,1
54,1830,5,1
49,5716,4,1
64,8197,1,1
18,4949,4,0
52,4740,3,1
43,2252,1,0
39,2459,4,1
36,7106,2,0
20,4947,2,0
42,2674,3,0
58,5387,2,0
30,2007,5,0
42,2316,5,0
49,6174,4,1
19,2103,3,0
64,2150,4,0
59,7266,5,1
61,8928,5,0
55,3708,1,0
27,5805,1,0
57,2175,2,1
26,1917,2,0
37,8523,1,0
28,8643,5,0
24,2735,4,0
57,3606,1,1
45,4563,4,0
61,6518,5,0
31,8060,1,0
39,2317,1,0
44,3176,3,0
46,3795,5,0
24,8280,5,1
28,1928,4,0
18,3269,1,0
55,4124,4,1
48,7471,2,1
58,4019,5,1
33,3229,5,0
56,3274,4,1
23,6937,3,1
18,6368,2,0
51,2583,5,1
52,5957,2,1
58,7201,2,1
30,2723,2,0
48,5875,2,0
20,2242,3,0
45,3859,3,0
47,2154,1,1
52,3240,2,1
49,6018,1,0
33,7709,4,1
38,5232,2,1
38,3684,1,0
24,3742,4,1
42,3607,1,0
49,2245,4,0
57,5527,2,1
26,5549,2,0
35,3456,3,0
62,6458,1,1
25,8776,4,1
28,8028,3,1
36,6744,2,1
58,6809,2,1
53,8804,2,0
51,5807,2,1
47,4086,1,1
65,8948,2,1
45,6546,2,1
55,3020,5,1
44,2162,1,0
64,8096,5,0
51,5030,4,1
62,8528,1,1
33,2480,5,1
62,7794,4,1
26,4736,3,0
23,1930,4,0
28,7561,4,1
65,6581,1,1
47,8122,2,1
43,3315,3,0
63,6988,1,1
22,4952,3,0
36,5288,3,1
57,6243,5,1
61,2463,5,1
65,2249,5,1
61,4781,1,0
41,5612,5,0
41,3235,5,1
53,7610,2,0
39,3754,5,0
48,7840,5,1
62,3518,2,0
35,5925,4,1
22,4854,3,0
50,6114,1,1
52,7356,5,1
46,6886,3,1
62,8425,1,0
47,2515,1,0
29,4162,1,0
35,2717,2,0
31,6065,1,0
61,6235,2,1
44,5436,1,0
22,1980,2,0
51,7081,3,1
39,7171,3,1
60,7508,5,1
46,5551,3,1
37,3206,3,0
41,4160,1,0
36,5534,2,0
28,7631,5,1
29,8675,2,0
25,2137,3,0
46,3933,3,0
53,7592,1,1
40,3011,3,0
28,6171,3,0
19,5114,4,1
47,4423,2,0
65,6274,5,1
63,4221,4,1
54,7263,2,1
64,5421,3,1
64,5723,1,0
53,2757,3,0
57,8688,2,1
23,4473,1,0
30,6579,5,1
35,3403,1,0
46,7346,1,1
43,3392,4,0
56,5990,1,1
41,5056,2,1
45,4828,4,0
36,4625,3,0
46,8962,5,0
64,5439,4,1
36,3141,4,1
44,2943,5,0
27,3502,3,0
51,4547,1,1
55,7994,4,0
44,7033,3,1
53,5585,5,1
26,3432,2,0
36,6337,4,0
37,8636,5,1
53,7860,4,1
18,3061,3,0
58,8634,4,0
60,4156,4,0
62,7082,2,0
35,5839,1,0
41,6560,4,1
34,6944,4,1
25,4857,5,1
19,8724,3,0
21,2997,3,0
62,2909,3,0
35,4758,4,0
40,2199,3,0
58,2429,5,0
58,3301,1,0
28,6254,3,1
61,8352,3,1
62,7438,3,0
55,4680,2,0
51,4105,3,1
44,4587,2,0
27,5923,2,1
53,6825,5,1
63,6314,1,1
22,2754,2,0
48,4652,3,1
26,8493,4,1
56,6085,3,0
37,2035,1,0
62,2966,2,0
31,2866,1,0
25,2436,1,0
45,2148,2,0
60,6006,5,0
25,3872,1,0
60,1884,1,1
56,3482,5,1
29,7293,3,0
27,8729,3,1
40,4685,2,0
64,6821,2,1
22,2611,5,1
51,3577,2,1
28,7976,5,0
64,2608,2,1
63,5688,3,1
29,5401,1,0
40,4909,4,0
32,5138,1,1
38,2812,4,0
26,5861,3,1
53,7715,1,0
49,2747,4,1
56,7830,3,1
46,3650,5,1
45,3346,1,0
48,7363,3,0
61,5827,1,1
51,7194,1,0
43,5081,5,1
65,3182,1,0
30,4574,2,0
43,2805,2,0
64,5888,3,1
55,6663,3,1
59,5078,3,1
56,5113,4,1
27,8091,4,0
34,5808,4,1
26,2043,1,0
22,5880,1,1
42,6752,3,0
57,6905,1,1
60,7957,5,1
47,3454,3,1
49,5935,3,1
52,6277,1,1
20,5325,1,0
38,8786,4,1
20,2069,2,0
37,7584,2,0
26,4359,4,0
25,6460,4,1
61,6218,5,1
53,8798,2,1
43,3957,4,0
42,6853,3,1
36,4425,1,0
20,2850,3,0
65,6583,1,1
58,4595,4,0
40,4727,4,0
60,3800,2,0
37,6654,1,1
22,8918,3,0
28,1961,5,0
47,7188,4,1
44,3984,1,0
55,1982,3,1
42,4441,5,0
49,2619,2,0
50,8447,3,0
37,4776,4,0
58,8741,1,1
52,3553,3,1
37,6498,4,1
57,7885,1,1
55,2576,5,1
22,6440,5,1
31,4645,1,0
37,5934,3,1
52,4366,2,0
34,6919,5,1
53,3279,1,0
51,8867,2,1
31,7213,4,1
58,6164,5,1
45,6437,1,0
41,5588,2,0
65,7414,3,1
44,4410,1,0
44,3986,3,0
34,7426,5,1
33,2730,2,0
33,8329,3,1
53,5372,4,1
20,3454,2,0
19,3916,3,0
29,7078,1,1
49,8208,1,0
23,4371,5,0
22,5134,3,1
23,5051,2,0
54,7816,5,1
51,7241,5,1
51,3862,4,1
33,6713,1,1
38,4497,5,1
65,7894,2,1
31,2981,1,0
35,5400,4,1
55,2258,4,1
62,2725,3,1
48,7392,2,1
27,4773,4,1
37,1972,5,0
65,7224,1,1
60,3763,3,1
37,7034,3,1
61,2799,5,1
46,4982,1,1
43,3893,3,0
33,4236,2,0
28,5395,3,1
59,5128,1,1
23,8543,4,1
44,8690,3,1
24,8553,2,0
50,2343,3,1
64,8463,5,1
47,7495,1,1
59,7055,2,1
59,2914,1,0
58,4303,3,1
25,3092,2,0
59,8051,2,1
61,5161,3,1
65,2893,3,0
55,8572,3,1
30,2491,4,0
43,8979,4,1
54,3638,1,1
53,7101,5,1
23,5588,2,0
28,2207,4,0
56,3931,2,0
41,3193,5,0
63,6107,4,1
47,8576,4,0
63,3464,2,1
35,4158,4,0
45,8815,2,0
36,7753,2,0
44,8291,2,0
34,3729,5,0
33,4828,5,0
47,2502,1,0
38,7477,4,1
63,4941,4,1
34,2398,1,0
21,4526,2,0
40,6767,5,1
20,1843,3,0
42,4278,4,0
26,6383,1,0
34,3191,5,0
39,8991,4,0
38,7618,5,1
34,2757,3,0
26,5889,3,1
45,4117,3,0
34,6035,3,1
28,4384,4,1
27,6352,4,0
27,2247,2,0
48,3931,2,1
45,2750,4,0
40,7608,5,1
49,2721,2,0
23,3468,3,0
28,7943,5,1
54,7232,5,1
18,6109,5,0
22,3816,4,0
39,2012,3,0
61,2799,4,1
24,8656,3,0
23,5570,4,1
35,6667,1,0
20,7175,5,1
38,7792,5,0
21,8366,3,1
21,7893,1,0
56,4924,1,0
29,3766,4,0
31,3134,4,1
36,7101,2,0
49,8362,4,1
37,7411,5,0
60,2587,3,1
49,5449,4,1
54,6717,4,0
45,8443,3,1
45,6966,4,0
50,4599,4,1
59,7421,2,1
51,6957,5,0
47,5382,1,1
48,4260,2,1
61,4260,2,0
36,6457,1,0
20,6005,1,0
44,2574,4,0
54,8458,3,1
55,2469,5,0
65,7219,4,0
29,8705,4,0
44,8982,3,1
64,5527,4,1
34,4596,2,0
23,7919,5,1
61,2671,4,1
18,5035,1,0
59,5708,4,1
60,7896,5,1
37,6866,5,1
61,7454,4,1
23,2824,2,0
25,8484,1,0
30,8837,1,0
59,2989,2,0
58,8830,5,0
37,8105,4,0
45,1978,1,0
27,7852,4,1
48,1960,4,1
30,4215,5,1
43,2217,3,0
58,8743,4,1
49,7838,5,1
53,4182,1,0
49,6005,5,1
61,8490,4,1
21,6127,1,0
38,6332,1,0
59,5217,4,0
57,7093,3,1
45,1970,2,0
30,5644,3,1
50,3599,5,1
39,6732,4,0
36,7722,4,1
61,7145,3,1
28,6894,2,0
65,2506,4,0
30,3080,5,0
44,5844,3,1
53,2185,1,0
34,4724,2,0
50,2061,1,0
25,6859,2,0
32,5784,3,1
40,8102,1,1
53,3991,2,1
50,6750,1,1
46,8345,4,1
25,2667,5,0
24,8547,5,0
24,3168,1,0
41,3086,3,1
50,5882,1,0
41,4541,2,0
30,5397,4,1
18,3809,4,0
50,3202,1,0
63,7983,4,1
60,3810,2,1
51,5254,2,0
45,5186,4,1
51,8309,3,1
46,2992,1,1
51,2370,1,0
43,8127,2,0
43,8019,1,0
59,3036,5,0
58,7643,5,1
44,5093,5,1
64,7884,3,1
18,8574,3,1
57,3003,4,1
31,6259,5,1
59,5422,3,1
59,5113,2,1
23,2102,5,0
64,7689,2,1
52,4125,2,0
53,4357,5,1
58,3110,1,0
52,6653,3,1
37,7751,4,1
25,7796,1,1
34,6936,5,1
21,7997,1,0
54,7836,1,1
33,8397,5,1
58,7251,5,1
32,4669,3,0
63,6492,2,1
51,7841,2,0
51,6570,2,1
41,5521,1,0
45,8586,4,0
21,5280,2,0
46,2439,3,1
43,6618,5,1
43,8943,3,1
58,5268,4,1
49,7794,4,1
27,5943,2,0
47,2859,5,1
25,7489,2,0
20,7915,2,1
41,2772,5,1
25,2790,3,0
20,6082,2,0
37,4867,3,0
19,8281,2,0
55,5255,1,1
37,4122,2,0
65,5804,1,0
40,2353,1,0
54,4337,5,1
39,8200,4,1
64,8629,5,0
26,5935,4,1
60,5478,2,1
38,2531,5,0
44,4972,2,0
39,6231,1,1
46,7828,3,1
28,7593,1,0
63,4330,5,1
59,6382,1,0
57,6238,5,1
54,6074,2,1
50,1952,1,0
52,3272,1,0
31,3809,5,0
52,6771,3,1
20,5826,1,0
29,5199,1,1
38,4929,3,0
24,6238,2,0
29,3893,1,0
44,7359,2,0
38,3286,1,0
37,4994,1,0
44,4455,3,0
25,2224,2,0
56,6600,2,1
50,4954,1,0
38,5607,5,1
48,2036,4,1
19,4004,5,1
61,2631,2,1
59,8232,2,1
44,5453,1,1
50,3466,2,0
28,8206,2,0
45,6347,4,0
47,8594,5,1
28,1804,1,0
48,4038,5,1
61,4914,3,1
31,6593,5,1
28,7855,5,1
37,2534,4,0
26,7739,5,1
45,3527,5,0
38,7387,3,1
63,5508,3,1
38,4598,2,0
56,4490,1,1
26,7095,1,0
18,1878,2,0
62,7561,4,1
52,2464,1,0
60,5446,1,1
42,8578,5,1
29,8674,1,0
41,3380,4,0
65,1962,3,1
63,4731,2,0
57,6921,3,1
32,3719,4,1
20,4099,4,1
63,6764,2,0
58,5044,1,1
54,5898,4,0
30,7205,5,1
56,6429,2,0
26,7911,1,0
54,8808,2,1
64,8208,3,0
61,1989,5,1
61,6388,4,0
45,7050,1,1
38,5343,4,1
61,6045,4,1
51,8017,1,1
32,2184,3,1
52,5477,3,0
30,4541,1,0
19,7841,2,1
45,2409,2,0
39,4346,1,0
24,2028,4,0
19,6654,3,1
33,2683,4,0
39,8619,1,1
51,8305,2,1
56,6875,4,1
58,5457,5,0
21,2073,4,0
62,2332,2,0
46,2248,3,1
45,2338,1,0
53,2227,3,1
43,2585,5,1
32,8882,5,1
57,1886,4,1
45,6880,5,0
59,7335,1,1
39,6615,2,0
18,6675,1,0
30,6495,2,0
34,4711,4,0
57,5442,2,1
20,2295,2,0
45,6003,3,1
52,8152,2,0
37,6742,3,1
18,6040,5,1
27,2269,2,0
53,8834,1,1
30,3441,2,0
39,3351,4,0
47,6713,3,1
54,4549,5,1
39,3129,1,0
20,5862,2,1
58,3627,2,0
31,3758,4,1
39,8413,4,1
29,8567,1,0
22,4731,1,0
27,4180,4,0
55,8071,3,0
19,3431,2,0
32,3946,2,0
53,3814,2,0
29,8704,3,1
19,8611,2,0
25,4572,2,0
33,4828,3,0
51,8345,5,1
63,2335,1,0
26,8311,2,0
42,7488,3,1
45,7011,2,1
57,6611,2,1
36,8268,2,0
21,6956,3,1
50,6584,4,1
23,8227,4,1
57,2331,2,0
59,7953,5,1
51,5603,2,1
41,6104,4,1
49,5681,3,1
58,8276,5,1
31,3598,2,0
33,5043,2,0
42,6480,2,1
41,3885,5,0
23,4217,4,0
32,6583,1,0
57,4555,4,1
45,5150,3,1
38,4036,4,0
46,3715,3,1
40,2475,3,1
50,6278,1,1
32,2606,1,0
20,6273,2,0
61,4497,3,1
61,8725,3,0
56,2929,5,1
18,8108,3,1
40,8215,4,1
55,8007,1,1
50,8035,2,1
32,3658,2,0
51,6608,5,1
64,8471,4,1
23,4364,2,0
62,5221,2,1
53,2046,3,0
26,4303,1,0
60,8634,3,1
44,5287,4,1
62,6204,3,1
19,6449,1,1
27,4505,5,0
56,6779,5,1
42,3472,4,0
42,3342,4,0
54,5498,3,0
24,7328,5,0
62,6742,4,0
30,2369,4,0
32,4184,5,0
21,4819,5,0
38,8842,4,1
25,2857,5,0
65,2363,4,1
31,2864,2,0
63,7245,4,0
54,4342,5,1
63,7410,4,1
18,2968,4,0
43,6754,2,0
54,5821,4,1
20,7839,1,0
47,4640,3,1
29,5200,2,0
57,7806,4,1
60,3302,5,0
62,2157,2,1
28,4042,5,0
22,7518,2,1
44,8041,5,0
41,2426,1,0
38,5159,4,0
31,5945,1,0
22,7033,4,1
65,5071,2,1
18,3852,1,0
26,4479,4,0
22,2476,5,0
63,5385,2,1
35,8694,2,0
19,6772,1,0
25,6179,4,0
60,8055,1,1
27,5409,3,0
63,2082,5,1
62,2191,5,1
63,7207,1,1
37,5437,1,0
21,8127,4,1
33,4869,2,0
19,5254,1,1
39,8521,2,0
22,3606,1,0
60,3175,2,0
50,2682,3,1
58,3352,5,1
52,5036,4,0
31,2667,3,0
18,5094,3,0
31,5558,2,0
35,7124,5,1
22,3590,4,0
56,5892,1,1
54,3204,3,1
56,4457,4,1
62,2888,3,0
62,4404,4,0
19,6785,5,1
50,7047,2,1
63,1908,2,0
25,4330,2,0
33,6877,1,0
41,5885,3,1
42,3474,1,0
64,6699,4,1
39,2899,3,0
20,6066,4,1
36,7948,1,0
64,4513,3,1
52,2242,2,1
62,7694,2,1
42,6071,3,0
58,1849,1,1
22,3376,1,0
27,3472,2,0
55,6296,2,1
23,5291,4,1
64,3418,2,0
56,3839,3,1
46,7006,2,1
48,2455,3,1
28,5656,4,1
57,7820,4,1
48,1962,4,1
23,8016,3,1
27,6328,2,0
47,4305,4,1
53,6764,4,0
26,7656,4,0
30,1834,1,0
64,7742,3,1
44,5032,3,1
37,7051,5,0
20,2819,4,1
28,3391,4,1
64,4655,5,1
58,7440,3,1
59,4956,4,1
33,5713,1,1
41,6968,1,0
59,3011,3,1
61,3007,3,1
55,7228,2,0
23,7078,4,1
55,2458,5,1
45,3158,4,0
37,5901,5,1
42,6601,3,1
64,8922,1,0
54,8162,3,1
35,7933,2,1
43,7526,3,0
28,8487,4,0
22,8138,4,1
59,4162,4,0
41,3326,2,0
29,5917,1,0
31,3320,2,0
29,8428,2,0
44,5410,5,0
58,3160,1,0
42,2821,3,0
19,6597,2,0
61,8030,1,0
35,7958,1,0
20,2593,2,0
18,4877,5,0
35,5780,4,1
56,5318,3,1
39,4382,2,0
60,5064,4,1
40,8952,3,1
18,5543,4,1
26,2010,5,0
51,4089,2,0
57,7421,4,1
60,3339,1,1
38,1936,3,1
65,4466,4,1
49,5078,5,1
40,5305,4,1
62,2622,4,1
30,7632,2,1
54,8229,5,0
49,8327,1,1
61,6295,4,0
46,2747,4,1
33,3793,2,0
60,7533,1,0
63,2039,2,1
38,4941,3,0
34,7255,4,1
60,2808,2,1
58,7742,4,0
62,4526,2,1
56,2329,3,1
63,7886,4,1
53,8813,4,1
32,3922,1,0
25,2530,3,1
30,7899,1,0
26,8790,3,1
54,7836,1,1
55,6187,2,1
45,4418,3,1
26,6057,5,1
24,5038,1,0
47,4388,2,1
36,8658,2,0
47,3007,5,1
65,7250,1,1
37,5915,1,0
63,6501,4,1
31,5855,3,1
42,2281,3,0
63,3525,2,1
21,8889,2,1
64,5009,3,1
60,8751,2,1
53,5013,3,1
48,4653,4,1
51,7753,3,1
30,7543,5,1
26,4449,5,1
21,8761,3,1
28,6528,2,0
48,4184,2,0
65,3402,1,0
54,2635,2,0
45,7366,2,1
24,4712,4,0
21,2761,5,0
55,5353,2,1
43,3807,1,0
43,5802,3,1
29,7147,4,1
60,7194,1,1
59,4930,3,1
46,4809,1,0
23,2799,4,0
50,3642,1,0
54,5728,3,1
24,8307,5,0
48,7080,4,1
26,2614,3,0
52,3314,4,1
19,5025,5,1
51,5802,1,1
55,6215,1,1
31,7195,1,0
56,7495,2,0
46,8357,3,0
26,6511,2,0
23,6407,3,1
20,2493,1,0
41,6259,2,0
60,1800,2,0
51,8212,3,1
46,2945,5,1
38,6081,3,1
50,3519,1,0
20,3742,1,0
37,8813,2,1
56,6322,2,1
35,2852,5,0
53,3888,3,1
28,5077,4,0
34,7342,4,1
27,6190,2,0
64,4006,2,1
54,7184,5,1
44,8530,2,0
45,4904,1,0
33,2435,3,0
25,7403,5,1
39,7044,1,0
39,8173,3,0
32,4041,1,0
32,4901,1,0
25,3239,5,1
37,6623,4,0
40,7538,5,1
53,4020,5,0
21,3198,3,1
42,3280,3,1
61,8261,5,1
43,5706,5,0
18,7425,5,1
60,2835,2,0
65,3990,1,1
58,4832,2,0
44,7589,4,0
40,8341,4,1
35,5304,5,1
32,4300,1,0
44,8112,3,1
58,2451,1,1
23,3152,5,0
65,4141,5,1
18,5273,5,1
26,5729,4,1
61,6161,1,1
57,3357,1,1
62,6177,3,1
65,7216,5,1
20,6775,4,1
61,8056,5,1
29,2415,3,1
50,4694,1,0
42,3196,3,1
39,7362,2,1
25,4176,3,0
34,3545,1,0
54,5024,2,1
59,6023,1,1
57,8749,4,0
18,6842,4,1
40,2677,1,0
64,3325,4,1
24,5329,4,0
51,6013,2,1
49,1856,2,1
34,3652,4,0
37,4785,4,1
52,8448,3,0
46,7176,4,0
40,7920,4,0
63,3425,1,0
20,2895,4,0
39,2058,2,0
48,7249,3,0
49,6306,4,1
63,2843,3,1
43,5911,4,0
24,8293,1,0
40,5896,1,1
33,2226,3,0
56,7841,1,1
36,4111,4,0
45,3829,5,0
50,3330,2,0
25,8879,3,1
33,7258,4,0
63,8212,1,1
50,6806,2,0
55,6952,2,1
26,5087,1,0
30,2997,4,0
30,2544,1,0
51,4310,2,0
45,5725,1,0
59,2223,3,0
41,4098,3,1
33,4420,1,0
18,2227,3,0
48,4095,5,0
29,3866,4,0
37,2713,1,0
61,6320,2,1
65,8435,3,1
55,6132,5,1
59,4060,2,0
23,2671,2,0
56,2785,1,0
59,8496,2,0
46,2608,1,1
57,4609,3,1
30,6170,2,0
30,5225,5,1
53,4645,3,1
63,2761,4,0
44,6090,5,1
28,6708,3,1
26,4172,1,0
21,8307,2,1
43,5855,5,1
22,3155,4,1
42,6407,4,1
35,3495,2,0
54,3584,5,1
50,5530,5,1
51,3920,3,1
36,7602,3,1
28,3634,1,0
36,2120,2,0
35,2889,3,1
21,7062,2,1
31,6179,1,0
40,6982,5,1
38,2481,5,0
26,5145,5,1
21,6927,1,1
32,7784,3,0
19,6202,5,0
65,7437,4,1
34,8927,5,1
46,3607,3,1
55,6959,4,0
32,7778,4,1
48,2567,4,0
29,8481,2,0
49,7775,2,1
19,4340,2,0
43,7430,5,0
27,2390,4,0
59,5097,1,1
26,7753,1,0
42,4945,1,0
18,8054,1,0
23,3992,2,0
56,1910,1,1
24,6243,3,1
23,3457,2,0
54,5439,2,1
48,3065,2,0
62,3991,5,0
20,2642,5,0
50,8652,4,0
32,1996,2,0
27,4694,3,0
61,4951,1,0
25,3639,1,0
36,4727,1,0
25,4753,1,0
56,3037,2,0
39,6712,2,0
27,7266,3,1
36,4653,1,0
49,7220,3,1
63,8342,1,1
27,8171,2,0
42,5459,4,1
25,6533,4,1
35,2985,1,0
26,3289,4,0
49,5272,4,1
44,6729,3,0
59,3814,4,1
49,6213,5,1
52,8528,2,1
55,7656,4,1
62,8446,2,1
33,4763,1,0
19,4768,5,0
26,2702,1,0
41,8752,2,0
27,8642,5,1
44,3786,2,0
21,7919,2,0
62,7566,2,1
19,7502,4,1
62,2668,5,0
56,8930,2,0
41,2957,1,0
18,6462,4,0
29,5648,2,1
62,4253,4,1
39,5437,1,0
27,2291,1,0
29,5922,2,0
45,7369,4,1
34,6486,5,1
32,5270,2,0
23,6072,4,1
26,7887,2,0
21,3593,4,0
65,6381,5,1
62,5637,4,1
59,5118,4,0
41,7097,4,0
24,2655,1,0
39,2029,2,0
52,2672,1,0
18,7997,3,0
30,7029,1,0
23,6470,5,0
48,2174,1,0
37,1869,3,1
43,5897,2,0
43,7744,3,1
62,7327,1,1
65,5925,1,1
27,1994,5,1
48,6603,1,1
27,7390,4,0
58,2564,2,1
61,7159,2,1
28,5909,5,1
56,7136,5,1
39,5465,2,0
41,6907,4,0
63,8142,4,1
57,6771,1,1
54,6942,4,0
18,2968,3,0
23,5887,1,0
28,4221,2,0
54,4776,3,0
29,7621,4,1
48,3897,4,1
26,2815,5,0
41,8836,3,1
57,7375,2,1
50,8720,5,1
41,2483,4,0
34,8987,1,0
59,2267,2,0
53,1865,2,1
36,4878,2,0
22,3627,4,1
60,2565,3,1
59,6183,4,0
29,7794,1,1
43,8093,4,0
39,2328,3,0
56,5783,2,1
48,2736,3,1
52,3075,4,0
31,4422,5,0
56,8142,4,0
41,8268,4,1
31,2243,2,0
61,5264,3,1
29,2484,2,0
43,2469,3,1
46,8937,4,1
60,3925,2,1
23,5310,3,1
37,3147,2,0
44,5745,4,1
28,7507,4,1
62,6472,4,1
53,8214,5,0
64,7271,5,1
38,7240,3,0
47,3008,4,1
25,8288,4,1
64,1830,4,1
26,6996,4,1
55,2598,1,0
30,5242,5,1
56,4892,2,0
30,7367,5,1
41,8466,3,0
37,5913,1,0
59,5535,4,1
40,8584,5,1
39,2728,2,0
41,3249,5,0
52,5370,4,1
60,7440,4,1
62,6882,1,1
24,2534,1,0
44,2649,4,1
57,6262,1,1
50,6561,1,1
44,3535,2,0
53,4921,1,0
48,2819,3,1
47,5182,4,0
41,8207,2,0
35,7195,3,1
44,7315,2,0
44,2067,1,0
41,8687,5,1
56,4400,3,0
54,5322,2,1
43,3378,5,0
21,8364,5,1
58,4998,2,0
38,6037,2,0
24,7616,2,0
58,6526,4,1
58,3931,5,0
38,3469,1,0
45,1894,5,0
57,7596,5,1
23,6484,4,0
64,2869,4,1
40,3328,2,0
32,4232,2,0
33,7749,4,1
60,2223,3,0
27,6939,1,0
55,8901,1,0
56,2805,1,0
34,3279,1,0
41,8667,2,0
49,8316,1,1
49,6925,1,1
44,4874,3,0
46,8423,2,0
18,3263,5,0
20,2760,3,1
48,6829,5,1
28,6074,3,1
30,6765,1,0
51,5992,2,1
41,2740,2,0
26,3600,1,0
26,3992,3,0
23,4655,5,0
47,7904,4,1
43,3381,3,0
61,8730,3,1
24,6581,5,1
31,7715,4,1
46,5271,5,1
38,6902,1,0
45,3436,5,0
58,8512,1,1
20,5989,3,1
36,6747,5,1
19,2739,2,0
45,8279,2,0
22,3562,3,0
38,2801,1,0
18,7672,3,1
54,8314,3,1
53,2342,4,1
31,6119,2,0
35,7667,5,1
60,2412,5,1
44,7388,4,1
38,3423,2,0
49,5884,1,1
44,2776,1,0
56,4477,5,1
54,1974,3,0
54,1838,4,1
43,2103,5,1
20,4563,1,0
24,8598,4,1
35,4398,3,0
53,8145,3,1
21,5022,3,1
47,5841,1,1
57,2641,1,0
18,2936,1,0
62,7733,4,1
23,3365,3,1
52,1840,1,0
20,2707,1,0
22,3960,3,0
42,4011,2,0
55,5574,1,0
27,7968,5,1
44,7017,4,1
51,6122,2,1
60,5814,3,1
64,5754,2,0
36,7627,1,0
33,7202,2,0
22,5851,1,0
60,3570,4,1
30,5794,1,0
55,8039,5,1
38,8029,3,1
59,3061,5,0
26,3592,3,0
46,8909,5,1
43,3339,1,0
28,7421,3,1
54,7111,1,0
24,7903,1,0
47,3332,3,0
60,6149,4,1
25,6308,1,0
31,3033,4,0
50,4533,1,0
41,2601,1,0
64,5261,2,1
43,3247,5,0
56,5843,5,1
61,2208,2,1
32,2743,1,0
54,3980,2,0
24,4056,2,0
62,7664,4,1
24,3601,3,0
28,8236,2,0
36,7582,5,1
18,2572,2,0
62,6896,4,1
62,3754,2,0
22,3165,2,0
47,2961,1,0
45,4536,1,0
34,2430,2,0
18,6666,3,1
55,1808,4,1
48,2696,1,1
54,7370,3,1
51,5921,2,1
24,2619,3,1
39,5507,4,1
52,3908,4,1
47,1911,3,1
39,6042,5,1
35,7417,5,1
19,3011,4,1
60,2960,3,1
33,6531,4,1
65,2531,2,1
42,7032,1,1
58,7360,5,1
46,8976,5,0
61,4657,3,1
44,4063,3,0
55,6060,3,1
25,5350,4,1
40,4162,1,0
49,7415,2,1
27,6085,3,1
60,3132,3,1
22,8351,3,0
20,3580,3,1
25,2235,4,0
45,4685,1,0
26,4668,3,1
50,7250,5,0
23,7642,3,0
64,3411,4,1
23,4182,2,0
40,3837,4,0
24,3940,3,0
29,6419,4,1
38,8389,5,0
30,3848,2,0
30,4266,3,0
54,6947,4,1
42,8209,4,0
51,5420,3,1
61,7637,3,1
45,5621,4,1
47,2026,5,0
44,2524,2,0
37,8244,2,0
41,2842,5,0
54,8990,3,0
43,2831,4,0
47,8414,5,1
21,2493,1,0
59,2676,3,1
36,6432,4,1
21,2794,5,0
65,7673,1,1
51,2980,5,1
49,2917,2,1
58,8781,2,1
37,7691,1,1
57,7434,2,0
18,3053,5,1
51,2593,2,0
48,2001,5,1
21,2797,3,0
29,8519,2,1
52,3932,5,1
60,6855,1,1
58,1977,2,0
65,7185,2,0
65,7531,5,1
48,4175,3,1
55,5838,3,1
43,4960,1,0
45,3013,1,0
25,6422,4,0
37,2079,5,0
40,2941,4,1
47,4068,1,1
40,5901,5,1
63,6101,4,1
29,7173,2,0
64,6413,3,1
26,4080,3,1
22,8675,4,1
48,6763,2,1
50,8152,5,1
62,4454,5,1
40,6588,5,1
22,2168,1,0
28,3698,1,0
49,7365,4,1
32,8122,2,0
29,7765,4,1
44,2327,1,0
25,2106,1,0
41,6768,1,1
38,2681,4,0
58,6500,5,0
34,5823,4,1
32,3448,2,0
51,8424,2,0
19,6953,1,0
26,1842,3,1
54,6277,1,1
61,7779,5,1
31,6472,4,1
40,6866,5,1
22,5395,4,1
22,6462,1,0
51,4243,1,0
32,2221,5,0
19,3635,3,1
34,4998,3,0
28,4159,1,0
33,8789,5,1
50,4357,4,1
52,7514,1,1
34,7151,1,0
44,3937,2,0
21,2941,2,0
64,4500,1,0
22,8399,5,1
62,8640,1,1
22,5209,5,1
23,6317,4,1
35,7725,1,0
49,5958,2,1
45,5712,3,1
32,1975,1,0
30,6176,5,1
61,7400,1,1
21,4971,4,0
45,7545,4,1
25,5387,1,1
41,4681,2,0
21,3751,2,0
18,3660,4,1
52,6453,1,1
18,8953,2,1
22,2264,2,0
36,2158,3,0
59,3800,3,0
43,5721,1,0
22,3849,5,0
63,7822,3,1
32,5433,3,1
53,4197,2,0
35,4412,5,0
21,4639,4,1
57,5783,3,0
26,8692,5,1
65,6329,2,0
64,8487,2,0
33,7520,4,1
47,2735,1,0
20,4014,3,0
37,8576,1,0
57,4945,4,0
42,4951,4,0
31,4907,2,0
52,2228,3,0
40,2012,5,1
39,8584,3,1
55,3573,1,0
57,5355,4,1
65,7963,1,1
53,4979,3,1
52,5597,4,1
54,8099,5,1
42,5628,2,0
18,4099,3,0
33,8118,5,1
54,5032,1,1
41,4001,3,1
56,1901,1,0
60,4429,3,1
46,5590,1,1
47,2103,3,1
53,3584,4,0
23,4064,5,0
22,5408,2,0
35,3926,4,0
58,3229,2,1
59,2206,2,0
20,3309,5,1
55,4399,1,0
32,2298,3,1
19,7357,3,1
20,6719,2,0
22,5952,4,0
22,3741,2,0
41,8592,4,0
45,8974,3,0
38,6772,3,1
44,7141,3,1
36,6894,1,0
20,4182,2,0
19,2670,5,0
38,5984,5,1
63,4618,2,0
55,2067,2,0
59,2442,1,1
32,6431,5,1
58,6291,4,1
25,8743,5,1
56,5669,5,1
38,4005,2,0
36,3799,3,0
41,3691,4,0
25,7477,2,0
44,4764,1,0
50,2426,3,1
56,3687,4,1
32,6464,2,1
33,8160,4,1
60,2931,5,1
36,4598,3,0
44,5249,5,1
54,5848,2,1
47,1927,2,0
34,8071,5,1
48,7885,1,0
20,8630,4,0
28,2398,2,0
51,4979,4,1
43,7509,5,1
36,2775,3,1
39,6645,5,1
64,2170,1,1
40,5477,4,1
65,8638,4,1
48,7535,2,1
64,8074,5,1
50,2486,2,1
55,6658,3,1
47,4907,3,1
50,7718,5,1
24,3702,3,0
21,6421,5,1
55,5963,4,1
42,4409,2,0
20,8468,2,0
35,6511,5,1
40,4133,2,0
35,5786,4,1
28,4163,3,1
24,3697,3,0
31,6323,5,1
19,6702,1,1
52,6206,2,0
19,4827,2,0
54,5293,4,1
47,4216,1,1
25,5440,4,1
23,8882,2,1
64,7278,1,1
23,7897,2,1
38,3083,5,0
47,6966,5,1
22,7590,3,1
20,5350,1,1
51,4401,2,1
60,8661,1,1
58,1865,2,0
42,8944,2,0
34,5651,2,0
29,7809,4,1
30,7000,1,1
64,7939,2,0
22,5819,5,1
63,3259,1,0
34,6824,4,1
33,7024,3,1
60,3275,3,1
36,7272,4,1
58,5012,5,1
48,4220,1,0
36,5237,4,1
60,5280,1,0
38,7211,1,0
43,7573,2,1
48,8682,4,1
61,3723,1,0
50,3562,4,0
38,3943,3,0
46,5283,4,1
21,3998,4,1
39,7012,1,0
44,3612,5,1
52,3489,1,1
57,6803,3,0
52,1963,1,1
23,8193,3,1
53,2319,1,0
41,6186,2,1
52,5040,2,1
28,4862,3,0
53,7807,2,1
20,8726,1,1
51,2639,5,1
49,2146,2,0
19,3684,2,0
65,2812,4,1
26,8503,3,1
22,2405,5,1
64,5202,1,0
52,6755,2,0
55,8293,4,0
56,8839,3,1
45,5997,1,0
47,3460,1,0
59,6520,4,1
45,2562,2,0
53,4081,4,1
62,6168,5,1
19,5871,4,1
52,7653,1,1
54,2003,4,1
46,4829,4,1
59,4344,3,0
58,2485,1,0
31,8884,4,1
23,2957,4,0
48,6087,5,1
21,8086,4,1
37,7866,3,1
20,4433,5,0
18,3996,2,0
49,6269,4,1
59,3731,3,1
48,6014,5,1
64,2467,1,0
22,4877,2,0
28,6059,1,0
46,8924,1,0
45,5856,2,0
51,5791,2,1
53,5225,4,0
25,5367,3,1
61,4020,5,1
41,6418,2,0
51,7411,2,1
63,4841,5,1
48,5591,2,1
65,7699,2,0
63,8594,4,0
44,3268,2,0
18,4354,2,0
24,6205,4,1
21,6919,4,1
22,4670,5,1
40,6951,1,1
35,4128,4,0
37,4808,5,1
34,6396,5,1
30,2434,5,0
64,3573,3,0
54,2638,2,1
55,7082,4,1
55,6754,3,1
65,8937,5,1
48,3514,2,0
32,3573,1,0
57,3000,2,0
18,4448,1,0
21,2922,5,1
45,7246,4,1
50,8025,1,1
43,4890,4,1
40,4353,5,0
23,6759,2,1
58,8628,3,1
45,6391,4,1
34,7414,1,0
45,7141,3,0
41,8807,4,1
40,7767,4,1
53,8978,2,1
29,7924,1,0
41,6109,2,0
37,4490,1,0
34,5918,1,0
20,7102,3,1
43,2159,3,0
21,6487,1,1
48,6777,4,1
48,7943,5,1
20,4827,1,0
63,3054,2,1
26,2478,4,1
25,2259,4,0
21,4374,1,0
35,8784,2,0
65,1936,3,1
38,7610,2,1
55,7715,3,1
60,5102,4,1
60,2303,1,0
50,3008,3,0
46,2164,3,1
62,5940,4,0
65,8698,1,1
53,4672,1,0
54,8649,1,1
47,2522,1,1
29,7776,1,0
55,6933,1,1
18,3581,3,0
64,3821,3,1
59,8882,2,1
65,2887,3,0
63,4151,2,0
54,4384,4,1
30,4034,2,0
36,3924,4,0
49,4709,5,1
59,6084,4,1
61,8613,2,0
55,4959,2,0
31,7552,4,1
61,8323,3,1
62,5926,5,1
35,2543,5,1
34,3587,4,0
25,6035,2,0
47,6607,3,1
42,7192,5,1
38,7544,1,0
18,3100,4,0
39,7107,1,0
40,4309,2,0
29,7960,1,0
57,5539,5,1
45,7787,4,1
33,3869,3,0
48,7358,4,1
32,8051,5,0
45,8141,3,1
43,6658,1,0
28,4262,5,1
51,3425,5,1
26,7234,3,1
21,2540,3,1
27,8365,3,1
28,5573,1,0
30,3209,3,0
29,3734,2,0
64,3804,2,0
41,1840,4,0
24,5656,5,1
62,3540,4,1
47,7585,2,1
24,4975,2,0
26,5075,3,1
61,7783,4,1
52,2387,3,1
65,6604,1,1
56,3259,2,0
39,5907,1,0
43,2432,2,0
30,2162,2,0
23,4581,4,0
45,3034,3,0
61,8527,4,0
44,3270,2,0
51,8634,1,1
23,4636,1,0
43,8382,1,0
26,6507,5,1
47,1894,4,1
60,5090,4,1
37,5281,3,1
25,6744,4,1
48,7632,3,1
41,2714,2,0
52,8022,4,1
23,3031,1,0
63,6634,3,0
57,7760,4,1
47,4107,1,0
49,5570,3,0
56,7422,3,1
39,7329,3,1
19,6246,3,0
40,5216,1,0
37,7009,1,0
40,7795,1,0
43,3836,2,0
24,2832,2,0
45,4050,3,1
62,6856,2,1
64,8521,5,1
20,2426,3,0
27,6791,1,0
64,2445,3,1
65,4273,4,1
29,7917,3,1
65,2449,4,1
30,6476,3,1
57,6011,5,1
33,7487,1,0
48,3562,4,1
62,8175,2,1
60,2174,5,1
29,7355,3,1
44,3496,1,0
60,2863,3,1
56,8273,3,0
32,1948,3,0
57,4157,5,1
55,5246,5,1
42,5696,5,0
39,4418,3,1
27,5584,4,1
62,3192,4,1
20,7212,5,1
58,5785,5,1
23,3500,5,0
36,7951,3,1
47,2042,2,0
28,6913,3,1
44,8066,1,1
36,6358,4,1
42,6203,2,0
25,2594,4,0
25,6475,3,0
28,8082,4,1
40,7954,2,0
56,4084,3,1
58,2665,3,1
52,5012,2,1
49,7999,4,1
46,3085,2,0
18,6163,3,1
59,3211,1,0
59,5225,4,1
58,2037,5,1
57,6878,5,1
56,6474,4,1
38,6795,2,0
58,5665,1,1
19,7886,5,1
59,4989,5,1
30,8765,2,0
64,8965,2,0
63,3436,3,0
22,2053,2,0
47,3807,5,1
33,8327,2,1
50,7054,1,1
39,8944,2,0
64,2372,1,1
61,7344,4,1
48,8862,4,0
44,3930,5,0
56,7100,5,1
46,5738,1,1
43,8585,1,0
63,5990,4,1
25,2648,2,0
55,7973,1,1
41,5182,3,0
33,8317,4,1
24,4503,1,0
63,5826,2,1
39,4219,4,0
46,7530,3,1
56,2092,2,0
36,2012,2,0
54,4771,3,1
63,3096,5,1
48,7641,4,1
27,7892,2,0
36,8838,4,1
32,2029,2,0
27,6586,1,0
64,5966,5,1
57,3195,3,1
55,8784,5,1
41,4896,4,0
51,5748,2,1
42,1916,1,0
37,3491,2,0
56,8173,1,1
40,5886,4,1
58,1899,5,1
65,3459,3,1
43,6931,1,1
50,2350,3,1
52,8735,5,1
21,5458,5,1
33,3897,2,0
59,8824,2,1
63,5536,2,0
56,3977,5,1
65,3356,1,1
26,6080,3,0
32,3798,5,1
48,5603,1,1
21,4412,1,0
25,5420,1,0
24,6243,5,1
49,4257,5,0
45,8854,1,1
46,8168,2,1
58,6833,4,1
34,7981,4,1
49,6970,2,1
48,6012,3,1
37,3964,5,0
35,7352,5,1
58,5404,1,1
29,5794,1,0
50,5654,4,0
22,8029,4,1
24,8861,4,1
61,6212,2,0
24,8049,2,0
50,4301,3,1
48,2643,3,1
31,6477,2,0
30,8078,4,1
28,6798,2,0
51,5681,5,1
64,4006,2,1
48,8814,3,1
37,4533,3,1
38,5484,3,1
43,8047,4,0
43,2253,4,0
26,5542,3,0
63,3456,2,0
34,4214,3,0
45,8279,4,1
53,7854,2,1
57,5920,4,1
24,2409,2,0
64,5729,5,1
20,8199,4,1
63,5789,2,1
56,6601,4,0
21,7039,3,1
41,5389,3,0
26,7942,1,0
64,5189,2,1
55,4248,5,0
23,5390,2,0
52,8048,3,1
36,7448,1,0
22,8932,3,1
41,8129,4,1
31,3308,3,0
47,4767,3,0
63,3921,3,1
19,2949,1,0
45,5046,4,1
51,2293,5,1
54,5381,1,1
38,8272,5,1
54,4534,1,1
54,2554,5,1
52,3096,5,1
23,6501,4,1
30,7959,1,1
45,8499,3,1
65,3046,3,0
59,6512,3,1
62,7857,4,1
43,6508,3,0
42,1954,1,0
45,3032,3,1
55,7325,3,1
59,7250,2,1
54,4705,5,0
27,3488,3,0
19,6169,5,1
20,8185,2,0
22,4482,3,1
60,3510,2,0
45,4020,2,0
31,8127,3,0
46,2808,4,0
65,8797,2,1
46,5392,4,0
42,6635,1,0
29,5950,5,1
25,3134,2,0
49,7867,5,1
38,5200,2,0
23,8351,5,1
34,5967,1,1
19,1859,4,1
43,8824,1,0
37,8652,1,0
59,4263,2,1
23,7128,4,1
19,4050,3,0
33,3252,5,0
51,3075,2,0
20,2301,5,1
65,7214,3,1
44,8544,2,0
29,6048,2,1
60,3287,3,1
25,8243,2,0
31,4307,4,0
34,6894,3,0
19,4516,1,0
20,7820,2,1
20,6219,4,1
64,6102,2,0
18,4656,2,0
22,2720,4,0
44,8813,5,1
56,8430,1,1
48,3904,2,0
52,4794,5,1
24,5714,4,1
54,3407,2,0
26,8398,2,0
23,7888,1,1
36,6838,1,0
34,3312,3,0
47,7275,5,1
54,3985,2,0
41,7216,2,0
20,7927,4,1
30,3292,1,0
20,8643,2,0
38,1895,5,0
40,3338,5,0
31,5512,5,1
46,2765,3,1
50,4563,3,1
29,3891,3,1
49,8124,5,1
24,7272,3,1
34,2317,3,0
19,6250,2,0
47,8599,1,0
63,4222,2,1
37,5507,4,1
23,8902,5,0
50,3396,2,1
32,8156,1,0
65,4699,5,1
27,6411,5,1
52,4770,5,1
51,3166,3,0
61,3156,5,1
63,3045,5,1
57,5273,2,1
43,4228,4,1
44,5703,4,1
64,4257,1,0
63,6352,3,1
64,6822,5,1
21,7986,4,0
48,8537,2,1
33,5005,2,0
43,6644,2,0
40,2377,2,0
35,2950,4,0
65,6599,2,1
27,7306,3,1
18,7016,1,0
51,2640,5,1
60,5390,3,1
52,7885,5,1
22,7978,3,1
20,4925,3,0
47,5289,5,0
63,7464,4,1
32,6083,1,0
64,6742,5,1
33,8921,4,1
45,5254,1,0
35,8700,3,1
58,5960,3,1
34,4721,1,0
63,8402,4,1
49,3613,5,1
35,2651,4,0
54,4878,5,1
60,4934,1,0
55,8666,1,1
25,8058,2,0
61,7610,5,1
43,7684,1,0
46,8781,4,1
51,2105,4,1
58,7898,4,1
19,3569,5,0
58,4494,1,0
44,8369,1,1
34,4737,3,0
33,4066,4,1
38,5553,3,1
28,3515,5,1
53,7110,3,1
40,8197,2,1
23,4534,3,0
65,8395,2,1
37,2629,1,0
38,6893,4,1
42,3456,3,1
49,4672,3,1
41,7983,2,1
38,1930,1,0
37,5946,5,1
53,6209,2,1
62,2422,2,0
63,6698,4,1
27,7664,3,1
43,2889,4,0
65,8472,3,1
23,4452,2,0
20,3814,5,0
35,2015,4,0
62,3593,2,1
46,7107,2,0
36,3796,1,0
48,8664,4,1
53,6453,2,1
51,6558,4,1
42,7917,3,1
41,8381,3,1
41,3722,3,0
22,7478,2,0
62,3822,5,1
24,8224,5,1
52,4368,1,1
56,3666,3,1
59,6338,2,1
54,8653,1,1
46,5872,5,1
28,1981,5,0
59,2271,3,1
63,3011,1,0
22,7688,3,1
64,2025,5,1
63,8061,2,1
31,7221,4,1
62,7326,3,1
54,8340,5,1
27,8077,5,1
55,4376,1,1
21,7633,3,1
22,6828,1,0
64,3120,2,0
56,8138,2,1
19,7119,4,1
39,2529,1,0
54,7542,4,1
42,7505,4,0
39,3299,1,0
29,7593,4,1
49,2543,2,0
30,3656,3,1
58,2468,3,1
24,6091,3,0
56,2298,5,0
41,2582,2,0
51,1903,1,0
37,2026,5,0
22,3212,2,0
49,3289,5,1
40,2594,2,0
54,3249,4,1
29,5956,2,1
46,2048,5,0
52,8301,1,1
37,4187,1,0
29,6634,5,0
24,5876,2,0
57,4563,4,1
53,8613,4,1
25,7278,5,0
33,4795,2,0
49,3342,4,0
21,5735,5,0
51,2545,3,1
54,6511,5,1
52,7069,2,1
26,5469,2,0
58,5292,4,1
23,5817,1,0
38,6397,4,1
37,5876,3,1
62,2251,5,1
30,2530,3,1
65,6479,5,0
38,7855,1,0
21,4281,4,0
52,2229,4,1
51,8756,2,1
61,7527,1,1
24,5545,2,1
63,4423,1,1
49,3493,5,1
18,2170,4,0
62,2752,3,0
33,7203,3,1
42,8571,2,0
43,2166,2,0
33,6893,3,1
45,7373,5,1
58,4337,2,1
59,7834,3,1
18,5206,4,1
30,8490,4,1
18,6932,4,0
46,2855,2,0
25,2744,2,0
49,2344,2,0
28,7862,3,1
63,7493,4,1
36,4132,5,0
25,5035,2,1
53,8734,4,1
51,2092,4,1
25,3673,1,0
29,2484,1,0
57,4838,4,1
46,6690,1,1
50,8081,2,1
64,4404,1,0
27,4596,3,1
40,5584,2,1
21,5005,4,0
36,5941,1,0
58,3392,3,1
46,2007,4,0
33,6728,5,1
28,2974,5,1
21,2712,1,0
52,1943,5,1
64,4435,3,0
24,7405,2,0
18,6409,1,1
54,2780,2,1
20,6417,5,0
59,8550,4,1
59,4962,3,1
42,5483,2,0
57,3848,3,1
58,5527,4,1
27,5520,5,1
32,2982,3,0
29,4982,3,1
41,7862,1,0
37,2979,1,0
63,6235,2,1
26,8682,3,1
43,5249,4,1
46,5436,4,1
39,4470,4,0
51,3486,2,0
30,6456,2,1
64,7201,5,1
47,6290,4,1
37,3549,4,0
24,6246,4,1
57,5176,1,0
39,6319,2,0
51,5337,2,1
19,7484,2,0
60,3211,3,1
61,6415,2,1
54,8204,2,0
38,5638,2,1
26,8047,4,1
57,6146,1,1
22,2502,1,0
21,4515,1,0
40,3463,2,0
37,8686,1,0
38,6579,4,1
63,3235,3,1
53,3109,2,0
25,6160,5,1
53,6324,4,1
35,7452,2,1
60,3001,4,0
20,2910,4,0
48,3196,1,0
41,5412,5,1
46,1962,4,1
54,4616,3,1
41,2364,2,0
37,7349,4,1
25,8279,2,1
38,4194,1,0
49,1930,5,1
44,3184,3,1
30,6005,3,1
19,5810,3,1
21,7119,2,1
34,5477,4,1
35,7943,4,1
39,6316,1,0
57,1887,5,0
42,3435,4,0
20,7495,3,1
39,4804,5,1
45,5135,3,0
40,7691,3,1
49,4107,3,0
46,7303,1,1
38,8857,5,1
19,8441,2,1
24,3790,1,0
22,3061,5,1
23,8875,1,0
18,7833,3,1
57,2376,2,0
47,6969,3,1
24,6818,1,0
26,3434,1,0
63,2550,1,0
61,3709,2,0
23,4969,3,0
30,5699,2,1
49,6759,2,1
64,7339,5,1
21,5425,2,0
23,3240,2,0
52,6513,2,1
62,8039,1,0
38,7995,2,0
58,8648,5,1
44,5950,3,1
34,8554,3,1
51,1857,3,1
28,2329,1,0
40,7804,1,0
45,2454,4,0
65,7325,1,1
41,7518,5,1
22,6462,3,1
38,5492,3,1
48,4834,4,1
49,4367,5,1
30,3668,5,0
62,4690,4,1
47,4457,4,1
47,5504,2,0
42,5237,1,1
38,4924,2,0
18,5358,2,0
29,3577,1,0
48,3027,3,1
19,5874,4,0
53,4074,2,0
56,7728,4,1
28,5792,1,0
24,2348,3,1
56,4170,2,0
49,8383,2,1
18,4323,2,0
37,7403,5,1
25,6707,2,0
39,7737,3,1
26,4827,5,1
22,1945,4,0
33,3515,3,0
38,6992,4,1
53,4591,5,1
62,3392,2,1
58,6488,2,1
57,3741,2,0
48,1958,3,1
24,4946,2,0
23,6135,4,1
64,3979,1,0
30,8282,3,1
41,8744,1,0
32,6986,1,0
57,5753,5,0
35,4421,4,1
56,6193,2,1
59,3341,5,1
36,7808,1,1
30,6088,5,1
42,5265,1,0
31,2980,3,0
59,7075,4,0
47,8155,2,1
42,6348,2,0
38,2682,3,0
30,7585,5,1
28,6604,2,0
19,2815,1,0
53,5708,3,0
64,4872,5,0
45,7094,3,1
38,6822,1,0
38,6433,5,0
50,2257,2,0
22,2946,2,0
28,7647,2,0
41,4725,3,0
39,7950,1,0
52,2309,5,1
43,7490,2,0
23,8471,2,0
25,8048,3,1
21,7081,5,0
59,8704,2,1
20,3594,2,0
26,5900,3,1
58,7290,4,0
36,5832,1,0
62,5199,5,0
30,6630,1,0
55,5826,1,1
23,6564,3,1
28,5053,2,0
18,6941,5,1
53,4866,5,1
30,7978,5,1
30,4479,3,0
59,4137,4,0
56,7136,5,1
31,3314,1,0
24,7885,2,0
54,7826,3,1
61,3555,5,1
41,5599,1,0
32,6443,3,1
19,4338,1,0
29,8848,3,1
64,4983,3,1
43,6730,2,1
48,6394,5,1
60,8823,2,0
24,1802,1,0
18,4046,1,0
42,7769,5,1
24,2238,3,0
30,5266,3,0
44,7154,1,0
20,2783,3,0
47,8358,2,0
58,7896,1,1
48,3230,1,0
64,3723,4,1
55,7492,5,1
19,7557,5,1
64,7467,2,1
43,7354,4,0
49,5342,4,1
18,6524,1,0
35,7615,3,1
30,8369,3,0
35,8943,2,0
46,8438,1,1
20,8955,5,1
45,6378,4,1
63,8750,1,1
23,6699,3,1
48,6261,2,1
41,7749,5,1
38,7822,3,1
55,5091,3,1
40,8085,3,0
61,7957,4,1
44,4751,4,0
34,2927,3,1
59,5622,4,1
61,3145,1,0
58,2988,5,1
58,8615,2,1
54,2942,2,1
43,2469,4,1
50,6256,1,1
54,1833,3,1
60,3149,2,0
39,5807,1,0
41,6292,4,1
43,3594,5,0
44,7434,1,0
59,5516,2,1
30,7667,1,1
50,8353,1,1
22,7492,3,1
43,4281,2,0
24,8472,2,0
19,4223,1,0
61,2384,1,0
25,5256,3,1
18,7516,5,1
42,4871,2,0
57,6630,4,1
55,2143,4,1
49,4418,3,0
62,5679,4,1
24,5262,5,1
40,7410,4,1
42,2116,4,1
23,5690,3,1
23,3810,1,0
65,4563,2,0
48,2081,3,1
63,8801,4,1
44,2577,1,0
55,8867,1,1
46,2366,5,0
35,7510,5,1
52,7155,1,1
25,7519,5,1
46,4203,2,0
56,4514,4,0
27,8659,1,0
49,3840,1,0
65,8409,2,1
20,4276,2,0
61,6580,4,1
46,8422,1,0
26,2881,5,0
46,5864,3,1
45,1968,5,1
41,7000,5,0
48,2074,3,1
62,5259,1,0
34,8990,3,1
50,3792,2,0
28,2507,5,0
30,5454,5,1
34,5714,1,1
60,3319,5,1
53,2125,2,0
37,2891,4,0
21,5979,1,0
60,3978,5,1
37,8447,2,0
33,8849,4,1
30,7239,4,1
31,2611,2,0
58,6936,5,1
22,2996,2,0
27,8854,1,0
22,6437,2,0
44,8679,3,1
34,5129,1,1
20,8932,3,1
19,3377,3,0
56,8651,2,1
26,5726,5,1
50,5130,2,1
51,4156,4,1
45,6713,1,0
53,2495,2,1
20,4827,3,0
47,7126,3,1
52,6758,3,1
48,5989,4,1
62,6629,5,1
56,6709,5,0
39,2545,4,1
52,6035,5,1
34,6953,3,1
36,6669,5,1
38,3761,5,0
37,3371,3,0
44,4081,3,0
60,7199,2,1
26,8371,3,0
61,4761,5,1
31,8337,4,1
29,2760,3,0
31,6699,3,0
59,8432,4,1
43,5767,3,1
47,6202,3,0
56,2390,3,0
42,8461,5,1
18,2345,2,0
34,5855,4,1
53,6580,3,1
44,3431,3,0
45,6945,4,1
48,5381,4,1
26,3283,1,0
21,2136,1,0
53,6184,3,0
24,7886,4,1
60,6441,1,0
39,6914,3,1
33,3688,2,0
54,7958,3,1
40,8687,2,0
53,6585,3,1
28,8400,4,1
57,1942,2,0
65,6830,3,1
25,2583,2,0
32,3782,4,0
29,3605,3,0
33,7298,3,1
56,8759,4,1
32,2622,1,0
46,5425,2,1
42,8768,5,1
19,6234,3,1
61,5826,4,1
51,4604,3,0
50,6843,4,1
56,3483,3,0
22,6723,4,0
43,3496,2,0
43,4045,2,0
32,4908,5,1
19,7423,5,1
62,2329,4,1
19,4985,5,0
42,1967,4,0
46,5274,1,1
40,3672,3,0
34,5720,2,0
55,7083,5,1
30,8729,1,1
41,2193,2,0
28,2556,5,0
21,3851,1,0
34,5511,2,0
45,4081,2,0
37,3165,5,0
23,6886,1,0
65,3241,3,1
45,3175,2,0
30,6736,1,0
24,4004,2,0
47,6333,3,1
27,6171,2,0
18,4466,2,0
50,8462,1,1
21,5026,2,0
48,3077,2,0
56,8634,3,1
35,5588,2,0
63,2700,2,0
56,7980,1,0
42,2913,1,0
51,8344,4,1
43,6308,5,1
51,5622,5,1
56,6530,4,1
51,5139,2,1
49,2834,1,0
56,4810,3,0
44,4934,4,0
19,4376,4,0
19,3565,4,1
27,5485,5,1
65,2945,3,1
27,1934,2,0
34,5787,4,1
47,4843,2,0
44,2220,2,0
58,2629,3,1
40,5610,4,1
45,2439,5,0
50,6318,4,0
48,2355,3,1
37,5951,2,0
24,2995,5,0
19,5973,2,0
41,1997,4,0
57,5570,3,1
36,4814,1,0
55,2810,4,1
45,8055,5,0
53,7769,5,1
27,8556,4,1
63,5403,3,0
30,2563,5,0
43,3604,1,0
18,2889,2,0
30,5220,2,0
54,3890,2,0
22,3138,1,0
48,8247,1,1
28,7310,4,0
60,5565,3,1
41,8768,4,1
34,6527,5,1
65,4508,3,1
60,7386,5,1
35,8404,5,1
33,3653,1,0
35,4488,5,0
64,5115,1,1
37,8367,3,0
27,6346,2,1
32,3837,4,1
24,7512,5,1
44,7882,4,1
39,4250,1,0
57,5741,1,1
21,5368,4,1
27,5193,4,1
39,4834,1,0
49,5829,4,1
43,5323,2,0
57,8390,2,1
56,4479,5,1
23,2624,1,0
65,1869,2,0
49,2556,2,1
18,5660,2,0
36,8710,3,1
62,4726,5,0
28,4337,3,0
55,2474,1,0
30,8267,2,1
49,2680,3,1
57,8655,5,0
57,4130,2,0
56,8782,3,0
62,6017,1,1
32,7444,3,0
39,7247,2,0
46,4738,5,1
59,7580,4,1
33,8306,3,1
31,3771,4,0
27,2101,1,0
25,3009,1,0
26,3023,1,0
39,7433,3,1
63,5745,4,1
59,7274,5,1
37,7609,2,1
59,2077,3,0
30,4626,1,0
34,4991,2,0
47,7193,4,1
38,5483,2,1
65,7594,4,1
54,8911,2,0
28,3852,4,0
39,3013,1,0
33,6000,5,1
35,3456,2,0
18,6973,3,1
57,4855,3,0
48,8120,5,1
27,4523,5,0
43,6131,5,1
57,3411,4,1
64,8355,1,1
64,6641,5,1
47,2164,3,1
44,6627,1,0
44,5597,5,1
38,8638,5,1
34,4259,1,0
60,6547,3,1
18,6147,2,0
46,3757,4,0
21,2423,3,0
52,5214,1,1
64,8309,3,1
60,2219,4,1
31,6175,5,1
25,8806,2,1
42,6393,3,0
59,3440,1,0
23,4493,2,0
19,2614,2,0
64,3915,2,0
60,3906,4,0
45,3471,2,0
36,4335,5,0
58,2361,1,1
25,8788,1,1
22,8178,3,1
25,8066,4,1
50,8075,5,1
25,5742,5,1
23,4718,1,0
42,8407,2,0
34,7741,1,1
57,8389,1,1
28,2994,3,0
62,6181,2,1
58,4678,1,0
42,8293,4,0
50,8155,4,1
30,6887,4,1
65,7512,1,1
65,3657,4,1
47,4972,3,1
30,2143,1,0
18,6477,3,0
60,4851,3,1
18,4381,4,0
24,6671,5,1
25,6656,2,0
53,6318,3,0
20,8240,3,1
52,8535,4,1
24,2249,3,0
26,7500,3,1
27,4099,3,1
22,6149,3,0
37,7850,3,1
19,4135,3,0
23,8922,2,1
56,6711,1,1
24,3964,3,0
25,3296,5,0
23,3696,1,0
53,7983,5,1
23,8448,5,1
62,6273,3,1
60,4237,1,1
20,4355,4,0
39,4004,1,0
24,6619,1,0
48,2148,4,1
43,6239,1,0
55,6397,2,0
28,3316,5,1
24,6967,1,0
64,7601,2,0
61,5975,2,1
18,7382,5,1
54,8309,2,1
33,2286,4,0
60,4982,2,1
36,4620,2,0
55,5171,5,1
33,6849,1,1
34,7111,5,1
25,5122,5,0
34,7463,2,0
59,6553,1,1
33,2885,1,0
33,7902,1,1
61,5033,2,1
35,2722,5,0
31,7675,1,1
18,5186,1,0
46,2982,2,1
25,8917,3,1
44,4902,5,0
46,7232,2,1
27,3493,4,0
60,8829,2,1
35,5383,1,0
45,5597,2,0
21,7930,4,1
31,5186,1,1
27,4121,3,0
18,5676,5,0
47,4649,3,1
46,3445,3,1
42,4008,2,0
46,2893,1,1
59,5780,4,1
53,5975,2,0
64,4837,5,1
24,4026,5,1
65,5107,1,0
24,3776,3,0
33,8007,5,1
54,8345,5,1
58,5871,5,0
19,4481,5,0
39,1811,4,0
24,7801,3,1
45,3857,3,0
58,5092,5,1
40,2587,4,0
30,3806,3,0
39,4723,4,1
52,4531,4,1
53,1934,1,0
26,3694,4,1
31,5626,4,1
65,2394,1,0
53,5414,2,1
31,3589,3,0
34,1895,5,0
35,7067,5,1
31,2565,3,1
57,2773,1,1
56,6198,2,0
62,4069,5,0
62,7769,1,1
49,8493,2,1
39,2619,1,0
32,6515,3,0
62,4658,3,1
53,7501,2,0
24,6938,5,0
35,3377,2,0
32,7841,1,1
30,8577,2,0
36,5575,1,0
32,6867,2,0
64,7731,2,1
37,8638,4,0
22,8629,2,0
18,3203,3,0
29,7406,4,0
28,3534,1,0
24,5360,2,0
28,3980,5,1
61,6148,5,1
55,4503,4,0
56,6165,5,1
46,5280,2,1
46,4087,3,1
31,7808,1,0
36,4876,5,0
23,8965,5,0
62,2838,1,0
62,6170,1,1
43,7121,5,1
26,2232,5,0
32,8344,2,0
21,5964,5,1
22,3778,5,0
39,6101,5,0
34,4520,5,0
29,2160,4,0
31,2944,2,0
23,6043,2,0
22,5258,5,0
38,5575,2,0
39,2045,1,0
19,8151,1,1
64,2048,1,0
65,8418,5,0
62,3359,4,1
24,5396,5,1
21,8250,5,0
27,4694,3,0
25,8310,5,1
36,3936,2,0
27,6718,5,1
36,5823,5,1
22,3033,2,0
36,5907,5,1
38,4908,4,0
45,5628,1,0
21,1822,3,1
42,4629,3,0
64,6026,3,1
43,4894,5,0
44,3022,3,0
38,4827,1,0
28,8231,5,1
20,6326,1,0
21,5131,2,0
56,8812,5,1
57,4708,1,1
58,8813,5,0
22,2297,3,1
25,8888,4,1
51,2817,5,1
65,1840,3,1
34,8820,2,0
48,5883,2,1
42,7683,2,0
22,5074,3,1
61,2336,2,0
57,7353,3,1
51,6481,3,1
28,1969,2,0
63,2869,3,1
51,5329,2,0
34,2473,4,1
42,4188,4,0
41,8006,3,1
20,3328,4,1
64,7335,3,1
61,3331,3,0
64,1990,1,0
37,5168,3,1
50,6516,5,1
19,8124,2,1
41,3777,5,0
51,3261,3,1
26,5614,5,1
21,7318,3,0
61,7035,1,1
36,3756,2,0
31,8067,3,0
51,3911,5,1
63,2800,4,1
27,8402,1,0
63,6714,4,1
64,8997,1,1
56,3427,2,0
58,7360,2,1
26,5117,3,1
20,5131,1,1
23,7944,5,1
49,8012,3,1
24,5582,5,1
53,7700,5,1
18,3314,2,0
19,6601,1,0
44,2717,5,0
56,6091,1,1
42,4534,4,0
49,3961,3,1
56,2780,4,1
57,7371,2,1
57,8288,3,0
21,2424,3,0
25,8933,5,1
54,4149,1,0
32,3695,4,0
39,8665,1,0
44,3395,2,0
28,3566,5,0
27,2402,2,0
39,4566,4,0
34,2098,3,0
52,5136,1,1
58,1974,3,1
43,5311,4,1
65,2179,5,1
25,7914,2,0
19,2145,2,0
21,6061,2,0
43,6776,1,1
19,4964,2,0
22,4424,2,0
29,8088,2,0
39,4714,1,0
50,6307,2,1
24,5776,4,1
53,7076,2,1
51,8610,3,1
20,2748,2,0
53,1840,5,1
30,4606,3,0
60,6307,5,0
20,3536,2,0
57,7729,1,0
60,4835,4,1
19,6761,1,0
54,6558,1,1
36,6502,2,1
63,5511,3,1
28,5100,5,1
57,6927,4,1
54,8419,4,1
60,4228,5,1
56,7911,4,0
51,4221,2,0
41,6545,4,1
54,3833,2,0
24,4211,1,0
37,6465,5,1
30,3234,2,0
32,4211,2,0
45,5111,5,1
21,5140,5,1
53,5674,2,1
25,5545,4,1
19,7058,4,0
31,4335,5,1
64,3668,5,1
38,7289,5,1
59,3798,5,0
53,8001,1,1
36,8583,1,1
44,7236,1,1
62,6438,5,1
19,6299,2,0
40,6260,2,0
35,2565,5,0
42,4623,4,0
31,1922,5,0
45,2604,2,0
51,4369,5,1
25,3863,2,0
43,6235,2,0
37,8761,5,1
20,8801,1,1
28,5719,2,0
60,8781,5,1
43,4989,1,0
25,8629,4,1
22,2465,2,0
39,8546,1,0
22,4873,5,0
59,4087,1,0
56,2399,3,0
44,8137,2,1
51,3404,5,1
59,5168,2,0
41,3606,3,0
49,5409,4,1
43,3129,1,0
46,2944,4,1
44,7300,2,0
40,1959,5,1
65,8947,4,1
48,4949,1,1
54,7528,5,0
34,1986,4,1
61,6170,3,0
30,3425,2,0
23,2886,3,0
28,3459,3,1
43,2690,4,0
23,5603,1,0
28,7354,1,0
28,1803,4,0
45,3749,5,1
38,2884,4,0
54,4625,4,0
31,5465,1,1
52,4230,3,1
21,7747,2,1
38,2191,2,0
36,5980,1,1
24,5332,3,1
21,3737,4,0
34,8615,1,0
52,2687,2,1
65,8279,4,1
28,3329,1,0
28,7035,1,1
55,6192,2,0
30,3938,5,1
44,3205,5,0
65,8597,4,1
61,6768,4,1
45,8899,2,1
52,3790,1,1
29,6252,3,1
39,3675,5,1
65,1987,4,1
55,6261,4,1
25,5515,4,1
43,8852,4,1
43,6045,2,1
18,4790,1,0
27,2491,2,0
58,4661,3,1
23,5022,3,0
39,6216,4,1
61,3970,4,1
64,2396,5,1
29,2395,5,0
54,5059,4,1
20,6367,5,1
61,3999,2,0
56,6238,3,1
19,3097,2,0
20,8770,3,1
56,7467,2,1
52,5348,5,1
34,5956,3,1
37,6761,3,1
57,5995,5,1
59,2488,3,1
58,6270,5,1
20,7495,4,0
29,3727,5,0
42,5712,2,0
60,3329,1,1
46,4051,4,1
57,2320,4,1
52,5834,4,1
57,6507,4,1
63,8726,2,1
26,4422,5,0
49,7942,1,1
52,4407,5,0
59,3325,2,0
62,4006,1,0
41,7989,4,1
57,4518,4,1
19,7313,1,0
52,3241,3,1
35,3857,2,0
43,5573,5,1
26,4691,5,0
58,3820,2,0
65,6519,3,1
32,8896,2,0
54,2644,3,1
34,2452,3,0
39,7718,4,0
39,4987,2,0
28,5106,5,1
62,3620,3,1
61,4831,1,0
50,2670,5,1
41,4796,1,0
49,6051,3,1
53,4457,1,0
49,8132,3,1
32,1862,2,0
57,2782,5,1
22,8618,1,1
56,5766,2,0
51,8624,3,1
35,8299,1,0
41,3521,4,0
38,4205,4,0
38,3457,1,0
29,4799,5,1
44,5698,5,0
45,5464,3,0
57,3977,2,0
59,8373,1,1
23,2088,3,0
42,6843,5,1
25,7502,5,1
53,2292,5,1
26,8007,4,0
41,2863,2,0
51,6369,3,1
26,4510,5,1
45,5208,1,1
55,5948,4,1
46,6214,4,1
28,2932,4,1
50,4563,3,1
39,7803,5,1
41,8325,3,1
57,4159,2,0
37,6833,1,1
62,5307,3,0
18,2122,1,0
37,4851,2,0
32,2395,2,0
25,8347,3,1
22,3506,1,0
48,2076,5,1
58,5287,5,1
61,2622,3,1
51,6099,5,1
55,6878,4,0
62,3619,4,1
58,8262,4,1
36,7068,4,0
18,2862,3,1
65,7564,2,1
36,3513,1,0
29,7596,5,1
24,7837,2,0
22,2834,2,0
59,1858,3,1
21,4889,1,0
51,3804,4,1
28,3470,5,0
19,6162,2,1
43,6049,1,0
29,8246,2,1
48,5603,3,1
41,6404,3,1
42,3067,5,1
38,2966,5,0
60,7877,4,1
60,6336,2,1
43,2234,5,1
63,5400,1,1
29,2318,4,0
30,5428,2,1
59,6572,2,1
19,4469,2,0
54,6443,5,1
44,3202,1,0
38,7184,5,0
37,3735,5,0
33,3164,3,0
62,3803,5,1
52,3464,3,1
37,3985,4,0
64,7080,4,1
49,3592,2,1
36,3824,1,0
34,8889,3,1
49,6807,1,0
46,6744,5,1
29,6477,2,0
28,2254,3,0
56,5638,5,1
64,2721,2,0
38,2932,5,1
51,3790,2,0
61,7966,1,0
41,5053,1,0
29,2108,1,0
53,5805,5,1
61,5614,5,1
54,5391,3,1
62,7861,3,1
40,3312,2,0
43,2298,1,0
35,4274,2,0
59,2471,5,1
54,4427,1,0
40,8641,2,1
64,6473,1,0
27,7066,5,0
64,6607,3,1
23,4280,2,0
59,8909,5,0
57,8544,2,1
54,5204,4,0
61,6661,4,0
25,2989,4,0
27,7794,2,0
28,2767,4,0
60,2943,1,0
65,7316,1,0
42,5098,1,0
29,2142,1,0
20,5457,2,1
60,7883,5,1
33,3421,5,1
31,2103,3,0
45,4915,3,0
18,7209,2,0
60,8445,3,1
24,3025,3,0
23,4130,1,0
61,5034,5,0
39,8843,1,0
38,2902,2,0
42,2855,1,0
55,3386,3,1
40,7711,4,1
22,8439,1,1
31,7662,5,1
26,8183,5,1
19,8159,1,0
47,2771,2,0
45,4741,5,0
41,4973,3,1
26,3536,1,0
22,7883,2,0
48,2240,4,0
57,3126,4,1
49,4076,1,0
57,2303,4,1
23,5332,4,1
19,5177,2,0
36,6150,1,0
34,8878,2,1
61,6975,1,1
63,8897,3,0
21,2821,1,0
43,5866,5,1
58,5498,3,1
37,6902,1,0
55,7346,3,1
45,8709,2,1
34,5728,1,0
34,5582,4,0
20,6346,1,1
50,2804,1,0
65,8292,4,1
24,5480,4,1
23,5805,2,0
20,6259,1,0
64,7290,3,1
27,6655,1,1
24,4607,1,0
30,5964,1,0
24,3819,1,0
32,4520,1,0
36,4758,5,1
49,4259,2,1
29,2735,2,0
54,5364,2,1
51,7340,3,1
63,5318,5,1
19,3475,1,0
39,3429,2,0
28,8538,4,1
45,5024,4,1
23,4693,5,0
33,8605,2,0
48,1955,1,0
35,5101,4,1
37,4506,5,0
22,8313,1,0
55,5778,4,0
34,2105,1,0
34,6596,2,0
53,2356,5,1
63,6969,3,1
38,3842,1,0
29,2146,3,0
50,2110,5,1
56,8531,4,1
43,8217,5,1
49,7033,2,1
30,5594,5,1
25,8465,4,1
53,7943,3,0
42,2615,2,0
36,2202,4,0
35,3833,2,0
38,5379,2,0
62,6022,5,1
55,6456,1,1
46,8411,1,0
34,3152,4,1
60,2943,1,0
21,6023,4,1
52,8716,2,0
44,2249,2,0
60,2024,3,0
52,8346,1,1
61,7549,5,1
56,5932,5,1
27,2717,1,0
19,7787,5,1
55,4173,5,0
22,6277,4,1
37,6183,2,0
25,5496,3,1
65,3709,5,1
50,4862,4,1
52,3213,1,1
34,6224,1,0
38,5677,1,1
29,8698,2,0
23,4253,5,0
59,7272,1,1
50,5893,5,1
28,6714,4,1
50,3032,4,1
43,6539,4,1
21,3988,1,0
32,7644,1,0
23,8272,5,1
40,5299,1,0
53,7061,2,0
36,7322,5,1
39,7721,4,1
47,6559,4,0
58,2170,5,1
62,7040,3,1
42,4943,5,0
34,6811,4,0
46,5991,3,0
46,1895,2,0
24,4961,2,0
40,6551,2,1
44,4054,5,0
18,5916,5,1
32,3978,5,0
62,5910,2,1
45,2926,3,0
27,7967,5,1
54,2358,4,0
22,2530,3,0
25,6604,2,0
56,7043,2,1
31,7655,4,0
31,5692,4,1
39,3328,2,0
34,4431,5,0
43,4523,1,0
41,4080,3,0
34,2820,5,0
38,7127,1,1
62,4168,3,0
54,5211,4,1
48,7989,4,1
65,2335,5,0
34,6670,5,1
52,6964,1,1
64,1823,4,1
53,2991,1,0
46,4018,4,1
24,8249,2,1
57,3313,4,1
34,6272,4,1
52,6857,2,1
55,5042,5,1
37,5951,4,1
62,8900,1,1
55,3939,3,1
21,2706,1,0
64,6707,2,0
61,8198,4,1
33,7509,4,1
20,4677,1,0
23,5260,1,0
56,6205,5,1
31,5250,3,1
63,7105,2,0
55,3929,3,1
21,4904,4,0
19,6667,5,1
26,4247,5,1
34,3265,1,0
42,4872,3,1
65,8857,5,1
45,5875,4,0
45,3947,2,0
37,4378,4,1
49,7995,4,1
19,6479,4,1
37,8091,3,1
30,8200,5,1
19,5282,2,0
41,3914,4,1
26,8798,2,1
39,7539,3,0
43,6982,3,1
40,3675,1,0
61,5285,2,1
25,3232,2,0
46,5307,4,1
48,4344,4,0
38,6823,1,0
24,2447,2,0
24,2556,3,1
50,8478,3,1
51,7038,4,1
18,8029,5,0
48,6623,5,1
48,7624,4,1
26,3404,1,0
56,4735,4,1
18,8369,3,1
63,5146,3,1
58,8451,4,0
64,2708,2,0
51,3858,2,1
48,4602,2,0
62,6622,4,1
52,2193,4,1
58,3182,3,1
50,3232,3,0
60,6366,2,1
34,4765,3,0
61,5316,3,1
41,4136,4,0
27,8925,2,1
22,2712,2,0
27,7640,4,1
52,6836,4,1
57,7808,1,1
43,8059,2,0
36,7084,2,0
19,3369,5,0
61,3190,1,1
40,7650,1,0
21,8363,1,0
42,3822,1,0
63,7004,2,0
56,8294,2,1
52,5920,2,1
32,4511,2,0
18,2092,1,0
63,8948,4,1
50,4147,5,1
45,4629,2,0
34,7288,3,1
45,2238,5,0
52,9000,3,1
48,6737,5,1
63,8224,5,0
59,7421,3,1
56,2810,2,0
50,5998,3,1
65,4962,5,1
45,6603,5,1
27,8061,5,0
38,5742,5,1
48,2657,3,1
61,2926,3,1
20,8437,1,1
56,6227,4,1
29,3993,2,0
53,7114,2,1
28,6071,2,0
24,3036,1,0
60,6303,4,0
28,6441,2,1
51,8901,5,1
63,6535,5,1
28,2993,1,0
25,1922,2,0
18,1933,1,0
42,5579,4,1
20,2044,5,1
56,7300,5,1
61,5739,4,0
53,2484,3,0
42,8327,1,0
64,3727,5,1
38,7123,2,0
23,6630,5,1
48,4063,4,1
53,7055,2,0
37,5147,5,1
61,8272,1,0
30,7807,1,0
43,3294,1,0
35,4498,5,0
22,4514,1,0
20,5370,4,1
60,4994,4,1
22,1906,4,1
37,8906,1,1
63,8687,2,1
18,8417,4,1
24,5067,5,1
55,4002,5,1
51,6839,1,1
53,8027,2,1
53,3457,3,1
42,6176,5,1
43,3105,4,0
18,6125,2,0
53,6350,5,1
54,2769,4,1
61,7210,4,1
22,4782,1,0
55,5312,2,1
22,6464,4,1
19,7478,5,1
19,2512,2,0
62,8058,3,1
58,6076,5,1
29,4914,1,0
23,6332,1,1
54,4819,2,1
47,4759,3,1
25,5572,4,1
63,2539,2,0
42,6732,2,1
24,6238,5,0
23,6785,5,1
26,5369,3,0
27,6741,4,1
55,2409,4,0
63,3965,3,1
26,2662,5,0
36,4854,4,1
20,4412,4,1
26,1823,5,0
41,5870,1,1
19,7815,1,0
43,3598,3,0
21,5563,2,0
26,4081,4,1
50,3134,5,1
64,8251,3,0
23,5777,5,1
51,3297,2,0
63,5507,2,0
44,2393,4,1
52,8311,3,0
22,2282,3,1
59,7518,1,0
54,4845,1,0
47,8413,1,1
60,2505,3,0
23,7923,1,1
32,8492,4,0
54,2915,2,0
47,2380,4,1
61,1920,1,1
34,7539,1,1
54,8232,3,1
38,7527,3,1
59,2953,5,1
44,6658,5,1
44,4623,2,0
35,5668,1,0
64,2521,5,1
50,2957,4,1
37,8443,5,0
64,8136,1,0
39,2171,2,0
53,7239,5,1
61,3300,1,0
36,3547,3,0
51,8058,2,1
27,5246,5,0
35,6270,4,0
45,5468,2,0
32,7679,3,1
52,5923,2,1
29,4404,2,0
58,8761,3,1
26,6225,1,0
21,5449,4,1
63,2210,4,1
57,4548,3,0
43,3106,2,0
64,8555,1,1
52,4530,3,0
49,6952,3,1
60,6715,1,1
24,2482,1,0
50,4977,1,0
61,1956,2,0
36,7568,4,1
21,7425,2,0
19,5126,5,1
32,4381,3,0
23,7391,2,1
23,7262,2,0
38,8230,5,1
21,1886,2,0
62,2215,1,0
39,3557,2,0
40,8336,5,1
58,6859,3,0
36,2159,4,0
46,7568,2,1
47,6673,5,0
40,7602,5,1
59,2029,2,0
22,2194,1,0
36,7350,5,1
37,8131,1,0
55,2770,1,0
26,2057,2,0
50,6810,3,0
52,4256,5,1
32,7157,3,1
57,3227,5,1
33,4862,5,0
20,4760,4,0
21,5138,4,1
54,1906,1,0
45,8552,5,0
52,4969,4,1
20,8175,2,1
50,3987,2,1
31,7224,2,0
36,4312,5,0
41,8860,2,0
43,5820,4,1
28,4537,3,0
28,6984,3,1
22,5840,2,1
38,3889,2,0
29,4141,1,0
34,3305,5,0
29,7218,5,1
27,3592,2,0
24,2371,1,0
20,6480,1,0
44,8672,1,0
18,7019,5,1
44,5981,3,1
27,2755,1,0
46,3601,2,0
18,4106,3,1
47,4536,5,1
52,5495,3,1
29,2518,2,0
55,8116,4,1
43,2180,2,0
33,5233,2,1
62,2958,4,1
51,3328,1,0
47,2002,5,0
46,2738,1,1
28,3648,5,0
30,5334,2,0
56,7743,2,0
51,8236,1,1
49,7721,1,1
54,2573,4,0
25,5921,4,1
41,4522,5,0
64,6621,3,1
47,7454,4,0
62,2571,4,1
20,7606,1,1
39,3736,4,0
62,6746,2,0
42,6786,2,0
55,5728,2,1
35,4517,3,1
60,2586,5,0
64,7976,4,0
21,3255,5,0
36,6196,2,0
32,2908,2,0
23,4072,3,0
35,7164,2,1
65,8847,5,1
22,5252,3,1
63,3407,1,0
65,6938,1,0
58,3502,1,0
63,7500,2,1
26,2869,4,0
26,7497,1,0
63,3388,1,1
26,5923,1,0
21,5135,3,1
18,7388,1,0
56,3690,4,1
40,5059,5,0
52,3637,2,1
61,1987,2,1
23,5205,1,0
42,8887,5,0
28,6568,5,1
19,3959,2,0
65,6233,3,0
42,5010,2,0
23,8365,2,1
44,5788,1,0
41,5124,5,1
44,8693,4,1
20,4938,2,0
27,2489,5,0
43,4765,3,0
55,4150,3,1
20,5412,4,1
30,7410,3,1
30,7675,2,0
40,1869,3,0
42,3170,4,0
28,4956,2,0
25,2524,3,1
34,3573,4,0
65,4614,5,1
35,7317,2,0
50,8764,5,1
20,6172,4,1
56,7429,5,0
57,5138,2,1
64,4348,1,0
54,7392,4,1
30,6385,3,1
26,7699,3,1
29,4795,1,0
33,3642,2,0
30,8478,1,1
33,2435,1,0
41,8749,5,1
19,4862,3,0
47,8176,4,1
54,7330,3,1
47,5088,5,1
64,8333,3,1
58,4548,2,0
33,5376,3,1
35,5019,4,1
56,8164,5,1
22,5329,2,1
26,2447,2,0
41,1981,5,0
18,6491,3,1
57,4309,5,0
39,3318,4,0
38,8243,3,1
43,4274,4,0
33,1910,4,1
35,2919,2,0
63,6621,1,1
42,2803,3,0
60,3969,5,1
33,8293,2,1
25,4265,3,1
31,7685,1,0
44,3602,4,0
61,1948,1,0
61,7787,1,1
51,8533,3,1
27,2785,1,0
53,5458,1,1
53,4100,3,0
41,8481,3,1
29,5346,5,1
34,3987,4,0
49,3389,2,1
61,2007,5,1
39,8970,2,0
46,5591,4,0
45,5079,3,1
30,5634,1,0
21,7089,1,1
58,7536,3,1
46,6199,1,0
41,4466,5,0
20,2097,1,0
48,8815,2,1
22,4332,2,0
60,8736,2,0
19,6749,3,1
54,7471,1,1
31,8051,4,1
58,7486,1,1
28,2087,2,0
42,6898,3,1
27,6044,4,0
64,2019,5,1
54,7749,4,1
40,2847,3,1
40,8576,2,1
27,3184,2,0
46,3658,5,0
51,6742,5,0
36,4778,4,0
32,8204,3,1
32,5267,4,0
40,2084,4,0
21,6315,4,0
29,4987,5,0
25,8062,5,1
30,4922,1,0
49,2821,2,0
40,7082,5,1
53,7352,5,1
29,7584,1,1
49,7257,4,1
34,6175,3,1
48,3440,3,1
34,2873,2,0
31,7459,2,0
28,7633,5,0
24,7979,5,1
27,4635,5,1
65,6437,2,1
60,7414,2,0
40,5117,1,0
57,4565,2,0
21,4991,2,0
58,8274,4,1
33,2346,1,0
35,5050,4,1
33,1851,4,0
32,8818,5,1
25,7151,5,1
18,7206,1,0
42,3229,4,0
50,8226,3,1
32,6476,4,1
42,2318,3,1
48,2168,3,1
54,2395,2,1
60,2351,3,0
64,3992,1,0
61,4603,3,1
19,6465,1,0
42,6653,2,0
46,6282,4,1
29,2293,4,1
26,1948,3,0
28,7261,1,0
59,5864,1,0
60,2535,2,0
30,6482,2,1
45,6881,4,1
54,7102,4,1
54,6086,4,1
28,5292,4,1
32,2454,5,1
29,2880,4,0
61,8063,1,1
39,7497,5,1
52,6892,4,1
44,4686,2,0
31,6968,5,1
62,7476,3,1
56,2551,4,1
30,2052,5,0
55,7017,3,0
25,2985,1,0
55,2367,3,1
40,5783,4,1
36,6412,4,1
36,5731,1,1
18,2949,4,1
47,5041,3,1
60,8046,4,1
37,6489,4,1
37,2529,4,1
42,4647,4,0
20,3904,3,0
44,3801,3,0
32,5652,2,0
65,4963,3,1
57,3327,4,1
25,7001,5,1
26,6463,4,1
31,2205,3,0
64,1865,2,0
25,3123,5,0
44,7324,2,0
33,2441,3,0
51,6885,5,1
39,6811,4,1
36,5191,4,1
39,7974,3,1
36,7905,2,0
34,8235,1,1
37,6813,1,0
56,6625,2,1
33,8630,3,1
46,4135,2,0
35,8984,4,1
51,8018,5,0
32,2191,5,0
44,2851,5,1
64,3590,5,1
52,7063,5,1
35,2617,2,0
18,8027,5,1
21,7462,2,0
48,8039,1,1
37,8776,5,1
36,6963,4,1
48,8356,5,0
26,2105,2,0
37,4078,5,0
37,4925,1,0
57,3630,5,0
19,2958,3,0
25,3471,4,0
43,8880,3,1
56,5008,2,1
39,6944,4,1
53,5324,1,1
57,3589,1,0
41,6326,3,0
62,4480,4,1
23,2393,2,0
53,4839,1,1
36,3303,2,0
28,7294,2,0
33,3396,3,0
29,3971,4,0
24,1953,3,0
46,7650,5,1
65,7478,4,1
52,8609,1,0
59,4370,2,0
35,4924,5,1
27,8392,1,0
49,5389,3,0
34,3342,1,0
38,2278,2,0
41,2184,2,0
53,6793,3,1
39,3284,4,1
64,8944,2,0
26,6062,2,0
32,1876,2,0
39,5087,5,1
31,3474,1,0
32,3416,3,0
46,2354,1,0
45,8216,4,1
18,5384,4,0
48,6794,5,1
38,3840,1,0
59,4832,2,0
29,3690,5,0
34,8485,4,0
19,3575,3,1
26,2182,2,0
47,2357,5,1
19,2544,4,1
28,7222,2,0
41,2279,4,1
64,5188,3,1
52,5589,1,1
48,7060,4,1
34,5190,1,0
56,8863,2,1
21,4964,3,0
32,6197,4,0
61,5643,2,1
22,3273,2,0
20,8375,5,1
39,4956,4,1
36,7637,3,1
64,7857,2,1
49,3840,2,0
22,8307,2,0
23,2504,1,0
47,6006,1,1
40,7439,5,1
65,6831,1,1
22,5522,1,1
49,4186,1,1
32,6700,2,0
55,6874,5,1
40,3259,5,0
25,5846,1,0
27,5832,4,1
33,3604,5,0
28,1975,3,1
27,2982,1,0
42,7363,3,1
34,6642,4,1
30,3399,1,0
30,3457,3,0
46,8986,1,1
51,5888,5,1
39,1896,3,0
28,1884,3,0
42,8074,5,1
22,6814,3,0
61,5471,4,1
62,3288,4,1
60,3513,2,1
56,7870,3,1
35,3315,4,1
48,4412,2,0
40,6446,2,0
23,5071,3,1
27,8431,5,0
59,4821,5,1
28,3036,5,0
22,4442,4,0
27,6644,3,1
60,7543,5,1
45,3801,4,0
27,7090,4,0
57,7720,3,1
29,2150,4,0
39,7233,3,1
19,7094,5,1
30,3477,1,0
52,8028,1,0
54,6178,2,1
28,2326,1,0
27,2573,2,0
41,7937,3,1
25,7626,3,1
45,6251,4,1
43,4240,1,0
55,2698,5,1
53,6201,1,1
37,7944,2,1
61,1807,1,1
29,6469,5,1
49,5422,5,1
38,6066,3,1
42,7024,4,1
43,7935,3,1
25,6680,4,1
31,4226,2,0
27,7656,4,1
29,2415,2,0
37,7453,1,0
28,6811,3,1
25,4105,4,1
54,8128,1,0
57,5457,2,1
44,6617,5,1
57,4074,5,1
24,7138,2,0
30,2708,5,0
32,8969,4,1
19,7841,2,1
21,1844,3,1
65,3121,5,1
52,5044,2,1
18,4435,1,0
29,4013,2,0
33,6304,1,1
53,7445,2,1
57,3200,5,1
21,2288,4,0
62,5340,2,1
45,3799,2,0
53,3494,5,1
42,7314,2,0
48,5138,1,1
58,2734,5,1
43,3250,4,0
33,5355,5,1
24,1806,1,0
60,5943,2,1
32,7672,5,0
61,6228,5,1
32,4661,2,0
56,7766,1,1
38,7601,1,0
48,5838,4,0
20,5261,3,1
28,1851,5,0
59,8461,3,1
22,6888,2,0
46,5156,1,1
50,7491,1,1
55,5232,5,1
59,3823,5,1
40,7212,4,0
61,1936,2,1
42,4819,4,0
28,6810,3,1
24,2933,3,0
37,6852,5,1
28,4613,3,0
35,7298,4,1
18,8058,4,1
26,6545,5,0
35,6939,4,0
57,5175,4,1
37,2315,4,0
43,5768,1,0
53,8204,5,1
61,7368,4,1
40,7416,5,1
36,5122,3,0
50,3385,5,1
37,2721,4,0
36,8672,4,1
58,4612,2,0
55,6194,5,0
42,4199,5,0
34,4175,3,0
56,3165,5,1
18,4476,2,0
20,3143,4,0
47,2120,4,1
53,6730,1,0
52,3267,3,1
34,4737,5,0
32,1804,5,1
54,6351,2,1
20,4502,4,0
52,6314,2,1
65,5680,3,1
65,2668,5,1
33,1919,2,0
46,8257,3,1
21,1805,2,0
40,7699,4,1
43,2634,5,1
56,4715,2,0
40,4973,3,0
34,8085,5,0
46,6234,3,1
54,2224,5,1
64,1959,1,0
28,5195,1,0
58,7944,2,1
62,2806,1,0
36,4282,3,0
56,2154,4,1
60,4609,4,1
43,8505,3,0
20,4895,2,0
26,2757,3,1
57,6693,4,1
26,4383,4,1
29,8805,2,0
18,4517,2,0
58,7104,3,1
19,3918,4,0
42,4286,5,0
38,4850,5,0
45,4472,2,0
32,6177,2,0
49,8602,1,1
36,4528,3,0
28,7546,5,0
65,3840,4,0
29,2548,1,0
48,3740,2,0
47,5852,2,1
35,6191,5,1
57,4638,5,1
61,4431,5,1
29,6587,3,0
40,2946,3,0
25,5915,3,1
57,2488,4,0
39,2227,5,1
21,4775,3,0
34,5471,4,1
48,3686,3,1
40,8127,2,0
51,7794,3,0
47,2775,3,1
62,8400,5,1
34,4170,5,0
39,3695,4,0
19,3620,2,0
31,5251,1,1
22,7439,2,0
59,6069,5,1
45,2106,5,0
52,3234,5,0
29,5731,5,1
18,4136,5,0
38,7405,1,0
25,5446,3,1
60,3542,3,1
48,8453,5,0
50,6424,1,1
61,5718,2,1
42,5867,1,1
46,7880,4,1
55,8427,4,1
22,4342,2,0
43,2918,5,0
34,4880,4,0
39,2231,5,0
55,8274,1,1
25,2195,5,0
39,5729,2,0
52,3716,3,0
63,2496,5,1
60,6076,3,1
28,7129,3,1
65,6015,5,1
60,6838,4,1
46,3198,5,1
41,8549,4,1
63,6477,3,1
26,6046,1,1
21,3267,2,0
65,6582,4,1
56,7209,1,1
37,6132,5,0
56,8844,4,1
47,1917,3,1
51,4251,3,1
24,8270,3,1
31,5285,4,1
28,6085,4,1
24,2479,2,0
58,2043,2,0
39,7960,4,1
25,8151,1,0
57,5827,5,0
39,6522,1,1
19,7844,5,1
64,6492,2,1
46,5633,5,0
38,3010,5,1
45,6593,2,0
41,2532,3,1
52,7951,1,1
47,7935,1,1
60,4408,2,0
43,1963,1,0
33,8249,5,0
33,8825,5,0
54,5685,3,0
38,4663,1,0
45,2146,5,0
51,4487,5,1
50,7675,1,0
38,2299,2,0
63,5576,2,1
39,7511,5,1
42,8005,4,0
46,2446,2,0
50,7703,5,1
33,3512,3,0
57,2294,1,0
52,4435,4,0
58,4191,4,1
23,7130,3,1
42,3761,5,0
29,4725,3,1
25,2629,4,0
43,7361,5,0
26,8667,5,1
48,5782,2,1
28,6262,5,1
59,4898,4,0
33,4216,2,0
42,8412,3,1
63,7394,4,0
24,6907,4,1
38,6998,2,0
58,4254,4,1
20,4858,1,0
60,6389,5,0
49,3553,1,0
49,5238,2,1
50,8946,1,1
34,7341,3,1
51,7984,5,1
38,8306,2,1
54,5173,5,1
44,5857,4,1
60,8847,5,1
62,1829,5,0
50,6195,3,1
50,5521,3,1
40,2716,2,0
39,6204,4,0
49,2809,4,1
30,1974,4,1
53,2781,1,1
35,8154,1,0
31,6638,5,1
22,5955,4,1
48,5430,3,1
32,7798,2,0
36,8033,4,1
34,2572,2,0
56,1902,5,1
40,3381,5,1
44,1989,2,0
43,2891,3,0
28,2123,3,0
28,8864,2,1
57,2085,3,1
26,1859,3,1
22,1961,1,0
49,7448,5,1
35,2616,5,0
35,4841,2,0
59,2416,1,0
63,6847,3,0
58,2983,2,1
52,5614,1,1
65,6371,4,0
42,3895,5,0
29,3253,3,0
49,8697,3,1
29,4172,1,0
62,7089,2,0
24,2683,5,1
21,2090,2,0
51,5335,1,1
31,2211,4,0
52,5071,4,1
28,2259,2,0
20,6670,3,1
33,5002,4,1
22,6479,3,0
52,6579,1,0
47,5697,5,1
21,2584,4,0
39,8336,5,1
19,8341,4,1
47,2532,2,1
20,7160,4,0
23,2694,2,0
42,6439,1,1
48,2419,4,1
29,2782,1,0
34,4390,3,1
25,5863,1,0
53,8417,1,1
18,5525,3,1
44,2240,2,0
37,4201,2,0
27,2560,4,0
39,3283,2,0
35,7987,1,0
64,7242,1,1
37,7877,4,1
48,3276,4,1
31,7324,2,0
58,4692,3,0
26,5652,4,0
47,6737,3,1
19,7347,2,0
40,8576,3,1
40,2717,4,0
24,2670,5,0
38,6199,5,1
23,3198,4,0
43,8005,3,1
52,5188,3,1
45,8281,5,1
26,3552,4,0
21,1879,5,0
37,5537,3,0
65,3690,4,1
53,2525,5,0
20,5819,3,1
54,2870,1,0
20,2212,4,0
64,8059,5,1
30,5019,5,1
58,2847,2,1
32,4082,5,0
45,4015,4,1
20,5930,2,0
54,6123,4,1
45,3335,2,0
18,3177,1,0
30,7890,4,1
65,3015,1,0
39,1812,2,0
18,2299,1,0
51,4887,2,1
65,7651,4,1
55,2711,5,0
51,6068,5,1
54,2537,1,0
43,8339,1,0
23,4949,5,1
58,3047,2,0
49,3451,4,1
55,7315,5,1
54,7753,4,1
57,2166,4,0
64,4559,3,1
23,8800,5,1
34,4982,2,0
19,6688,5,1
61,3595,2,0
24,7722,2,1
23,2587,5,1
38,2557,5,0
41,7487,3,1
27,8019,5,1
37,3029,1,0
34,8393,1,0
31,4453,2,0
44,2045,4,0
54,6774,5,1
55,7567,3,1
45,5417,2,1
24,2279,5,0
59,7706,1,1
63,8107,5,1
62,5953,2,1
59,3622,5,1
36,1809,2,0
43,2952,1,0
50,2373,4,1
38,2913,4,0
40,7019,2,0
28,3620,3,1
19,1868,3,0
57,2575,5,1
53,7544,3,0
25,7424,4,1
58,3247,3,1
19,4149,4,0
20,2298,4,0
32,2253,3,0
19,2240,1,0
33,6079,2,0
19,2535,2,0
26,6451,4,0
23,2824,1,0
34,6161,3,0
65,5317,4,1
32,8475,3,1
64,2176,3,1
27,5402,4,1
58,4256,4,1
19,2677,5,0
33,1856,3,0
65,8341,2,1
37,5828,2,0
40,6373,4,0
44,6180,2,0
38,8000,1,1
26,8567,4,1
29,5029,4,1
50,5011,4,1
42,4676,4,1
26,4061,1,0
57,5420,4,1
46,5983,3,1
36,5677,4,1
60,3107,5,0
31,4762,1,0
24,8405,5,1
54,5759,3,1
26,3727,3,1
31,4319,1,0
44,8998,4,1
25,3035,1,0
58,5345,3,1
40,3140,3,0
29,1940,4,0
35,8362,3,1
23,8078,1,0
63,6817,4,1
52,6309,1,1
47,3840,1,1
45,3712,3,0
61,6606,3,1
50,8405,2,1
51,6033,3,1
44,6197,1,1
43,3927,1,0
24,8489,1,1
29,2546,2,0
41,4347,2,0
35,2473,2,0
19,2770,4,0
57,7894,5,1
33,5868,2,0
64,7058,5,1
21,3459,2,0
62,3451,1,0
53,8583,5,1
21,2456,1,0
20,1908,2,0
48,8462,1,1
62,5866,1,1
47,8041,5,1
65,2659,4,1
27,8030,3,1
57,7954,1,1
34,2607,5,0
58,5622,5,1
41,1877,1,0
46,4591,2,0
28,7584,1,0
28,6372,5,1
46,6081,1,1
47,6704,1,1
47,2717,4,0
19,6326,5,0
57,5650,2,0
30,7344,5,1
55,6991,4,1
49,8147,1,1
49,4575,2,0
44,6384,1,1
18,3291,3,0
61,7721,5,1
40,5613,5,0
28,7135,3,1
36,3390,2,0
43,3325,2,0
25,5000,5,0
42,6735,4,1
47,3926,4,1
19,4986,4,0
40,2343,4,0
25,3814,5,1
41,7509,2,0
21,7827,1,1
37,8545,2,0
18,5734,1,0
41,2180,5,1
28,4110,2,0
62,2721,5,1
32,6534,2,0
36,5923,1,0
18,4269,1,0
56,8430,1,1
38,8829,2,0
24,4817,1,0
64,4787,5,1
62,4182,4,1
33,3693,5,1
32,4338,5,0
18,4469,1,0
35,5885,4,1
27,5818,5,1
55,8249,4,1
25,4421,4,0
39,4429,1,0
22,5478,4,1
24,2897,2,0
54,5877,5,0
41,3926,2,0
58,2173,5,1
32,7815,4,0
36,8245,3,1
65,8702,3,1
45,8133,4,1
20,4733,1,0
19,5573,2,0
50,5599,1,1
34,7982,4,1
59,7965,2,1
64,2301,2,0
38,4314,2,0
29,5423,3,1
37,5922,3,1
60,3283,4,0
54,3215,3,1
43,7413,5,1
27,5493,2,0
37,2174,4,0
34,2914,1,0
42,7396,2,0
22,8842,2,1
31,7752,5,1
43,5698,4,1
40,6745,2,0
51,5332,5,1
56,2226,4,1
62,2047,3,1
51,5022,5,1
29,2271,3,1
33,3927,1,0
19,7430,5,1
56,8124,2,1
54,5225,1,1
38,6683,4,1
34,8161,1,0
61,7175,3,1
21,7835,4,1
47,5894,3,1
28,5374,1,0
19,3776,5,0
29,5706,2,1
65,8659,2,1
31,3276,1,0
29,7071,2,0
24,8038,1,1
41,7135,4,1
25,5828,1,0
21,8185,3,0
52,4847,1,0
53,5110,5,1
20,4870,2,0
45,6539,1,0
29,3333,1,0
65,5185,5,1
18,2583,3,0
43,4000,4,1
21,5259,5,0
22,5491,4,1
19,3569,1,0
30,5450,1,1
61,1888,1,0
30,3509,2,0
47,3303,3,1
42,6531,2,1
46,3109,5,1
46,5349,2,1
18,6223,2,1
20,7873,4,1
38,3930,1,0
40,6844,5,1
53,4462,1,0
32,7847,5,1
47,7540,2,1
49,3276,5,1
28,6490,1,1
32,4651,1,0
54,8493,4,0
45,7686,4,1
59,4512,2,0
28,6329,3,1
31,6617,4,1
65,6933,5,1
46,7721,1,1
52,5362,3,1
44,7929,4,1
44,8734,1,0
52,1883,1,0
28,6674,1,0
22,4842,3,1
33,6876,1,0
52,6489,1,1
29,3085,3,1
33,3489,2,0
28,3804,3,0
27,8432,3,1
39,4618,1,0
64,3653,3,1
63,7394,1,1
43,6558,5,1
53,4133,2,0
33,3378,2,0
33,5028,2,0
26,1859,5,0
54,7916,5,1
32,2803,2,0
35,7965,3,0
55,2271,4,1
56,5017,3,1
57,6724,5,0
21,2765,2,0
49,5088,2,0
47,4331,5,1
28,2337,1,0
56,8147,3,1
54,3464,4,1
24,6600,2,0
46,2422,2,0
41,3701,4,0
45,8803,3,1
27,7270,5,1
43,3863,4,0
27,7544,1,1
45,2786,4,1
32,2016,1,0
28,7205,5,1
38,8964,2,0
30,3161,1,0
62,3686,3,1
38,2570,3,0
26,2622,5,0
37,3747,1,0
46,5774,5,1
26,3937,4,0
26,4866,3,1
27,2565,5,0
63,8506,3,1
61,4432,5,1
55,3277,1,0
52,5757,4,0
49,6994,4,1
30,3511,2,0
55,6629,5,1
24,4732,5,1
28,4587,4,1
60,4174,4,1
51,4532,5,1
40,7823,5,1
65,6235,2,1
38,7530,4,1
48,2905,4,1
19,7859,5,1
48,2826,5,1
41,4299,2,0
58,8967,3,1
23,8236,5,1
53,3102,2,0
40,1870,1,0
40,7774,4,0
37,5463,2,0
30,6624,3,1
59,1904,1,1
28,8295,2,0
35,2514,3,0
29,6666,1,1
56,7552,4,1
62,5432,1,0
43,1802,3,1
39,8583,1,1
41,5325,2,0
48,8648,3,1
19,7675,2,0
21,7840,1,0
33,4837,2,0
29,2901,2,0
47,2567,1,1
32,4931,1,0
44,1974,5,0
49,7199,1,1
35,5078,1,1
65,5224,1,1
45,8929,2,0
31,7605,5,1
40,1884,1,0
32,5593,2,0
45,2538,4,1
60,3001,2,0
31,8905,2,1
25,1901,5,0
63,2563,4,1
30,7660,1,0
35,8493,3,0
65,3410,4,0
48,7194,4,1
48,5242,1,1
62,3507,3,1
29,6909,1,1
45,8426,1,0
39,2619,5,0
19,2508,4,0
54,3346,2,0
29,2137,2,0
32,5447,3,1
35,2437,4,0
35,4629,4,1
30,5904,4,1
46,6471,1,0
36,8130,5,1
32,4900,2,0
54,2139,3,1
29,3420,5,0
63,3980,1,0
18,6679,3,1
39,6926,3,1
35,3228,1,0
35,3720,3,1
56,1931,1,0
32,5707,5,0
61,5300,1,1
59,7002,4,1
36,3619,4,0
51,3945,3,1
21,5045,4,0
46,8707,3,1
34,5192,4,0
42,7985,2,0
22,4812,3,1
23,6055,3,1
65,6788,5,0
21,3021,4,0
62,3167,5,1
18,8165,5,1
20,7513,4,1
53,4954,1,0
33,4776,4,1
45,2072,3,1
32,7582,2,0
45,6650,5,1
19,5046,4,1
60,3528,1,1
48,7541,1,1
26,3299,2,0
48,6507,3,1
57,1932,5,1
59,5953,4,1
50,8025,3,1
20,4972,4,1
54,5197,2,1
28,7504,5,1
50,7992,4,1
19,7877,3,1
58,4443,1,1
58,4279,5,0
25,7489,4,0
59,8816,5,1
62,8065,1,1
43,7393,4,0
43,3487,2,0
22,5094,2,0
61,1921,4,0
55,6562,2,1
50,8675,5,0
54,8487,5,1
49,2783,5,0
62,4444,2,1
32,5598,1,0
18,6173,4,1
37,6803,3,0
55,4191,2,0
63,7497,5,1
60,3720,1,0
33,4477,3,0
58,6727,1,0
40,8149,5,1
44,5483,1,1
56,3271,1,0
52,5397,2,0
34,6774,5,0
35,3700,5,1
65,8155,3,1
33,8449,1,0
62,7356,1,1
52,2714,4,1
18,4965,4,1
35,7233,2,0
39,7085,5,1
21,2643,4,0
34,8127,5,1
60,2962,5,0
18,3436,4,1
25,5699,1,1
27,5177,3,0
21,3467,1,0
52,2057,5,1
22,5521,2,0
51,3156,5,1
53,3224,3,1
51,4472,1,0
19,5549,2,0
60,6546,3,1
29,7055,4,1
23,2416,4,0
45,6652,1,1
42,8833,1,0
48,5127,4,0
53,2071,5,0
19,3766,5,0
21,7006,2,1
44,3394,3,0
31,4471,5,0
59,3306,3,1
51,7374,4,1
23,3263,1,0
36,8439,2,0
60,8983,3,1
56,1952,5,0
27,3625,4,0
18,3296,5,1
54,5497,4,1
63,2281,2,0
59,8034,4,0
36,3784,4,0
62,4325,1,0
32,7521,4,1
23,7533,5,1
41,8180,3,1
33,8957,4,1
35,8684,5,1
25,4685,5,0
49,3837,5,1
63,5077,4,0
30,2841,2,0
42,5103,4,1
57,6133,4,1
22,2859,3,0
54,8489,4,1
60,3226,2,1
34,3323,5,0
29,3158,4,0
26,1890,4,0
22,5516,5,1
29,3349,3,0
55,6721,2,1
65,6741,5,1
38,7956,5,1
43,6354,5,1
49,5494,5,0
45,1901,3,0
34,6102,2,0
34,6780,2,0
30,6740,5,1
56,2493,2,1
43,1880,1,0
22,4172,3,0
60,7521,4,1
27,8681,5,1
22,8291,3,1
60,3658,1,1
64,6420,1,1
25,1936,2,0
54,5860,3,0
58,8710,5,1
20,6645,5,1
59,4480,4,1
65,8238,2,1
18,4499,5,1
59,3039,1,0
32,4559,2,0
49,5294,4,1
24,6898,3,1
57,5082,2,1
54,8577,5,1
20,7116,3,1
26,1835,1,0
41,3815,1,0
44,5150,1,1
45,6484,3,1
27,8007,3,1
18,4336,2,0
37,5820,3,0
28,4404,2,0
60,3390,4,1
38,8766,4,0
21,5864,4,1
59,3189,1,0
40,2308,2,0
54,8040,2,1
27,7493,3,1
65,8647,5,1
22,6639,2,0
30,3520,4,0
37,7794,2,1
37,4053,4,0
56,1800,3,1
19,5436,5,1
26,8144,2,0
22,1842,4,0
22,8168,5,0
48,6959,1,1
62,6365,3,0
62,3757,2,1
55,4643,1,0
42,3377,3,0
22,6373,3,1
40,4637,5,1
64,7834,1,1
46,3934,3,1
57,5014,3,1
60,2758,4,0
49,8527,4,0
36,1892,5,0
18,7672,3,1
37,2760,5,0
19,8035,2,0
63,6272,2,0
52,1997,2,0
43,8099,2,1
65,7791,1,1
41,8523,5,1
61,4083,1,0
52,6227,1,0
38,3089,5,0
23,4930,3,0
63,6717,2,1
64,3739,3,1
26,3439,1,0
56,5637,3,1
19,5921,5,1
45,5792,1,0
56,6374,4,1
20,6687,2,0
61,7662,1,1
57,2559,5,1
62,6954,3,1
23,2552,2,0
27,8441,4,1
24,4546,5,0
39,6394,1,0
43,3774,2,0
25,6666,4,0
47,8343,2,0
38,3650,5,1
61,1857,4,1
35,4776,3,0
64,7519,1,1
61,7361,2,1
30,2454,4,1
36,4998,1,0
54,4576,2,0
44,8979,4,1
44,2883,4,0
38,7559,5,1
18,4776,2,0
26,7936,4,0
52,4267,1,0
49,8459,5,1
18,3570,4,0
21,4508,1,0
20,5045,4,1
18,4838,1,0
51,7051,1,1
45,3978,1,0
55,2788,1,1
55,2158,5,0
28,2280,2,0
27,4788,2,0
34,4576,2,0
47,8001,3,1
62,6694,3,1
25,6506,2,1
20,2205,5,1
45,2152,2,0
47,4657,4,1
60,4435,3,1
58,6637,2,0
36,7920,5,1
36,7481,3,1
32,6009,1,0
19,6966,5,0
53,6676,4,1
40,6136,2,0
36,8043,3,1
43,3085,2,0
61,4839,2,0
57,5855,1,1
44,4912,1,0
44,2640,4,1
37,6238,4,0
18,4227,4,1
27,8007,4,1
43,1931,2,0
22,4798,5,0
22,4867,2,0
22,5414,2,0
58,2538,4,1
24,4388,4,0
51,5404,5,0
26,3268,3,0
31,3809,5,0
46,6446,3,0
42,3964,3,0
61,8449,3,1
47,6580,1,1
47,2808,5,1
23,8013,5,1
52,5059,4,1
37,8743,4,1
45,4504,4,1
53,3725,2,1
63,6774,4,1
60,6383,4,1
18,4865,4,0
29,3789,4,1
64,2526,5,1
18,8400,1,0
28,2009,5,0
49,3781,2,0
27,7454,5,1
31,8240,2,0
43,4168,3,0
53,2892,3,1
28,8480,4,1
47,4880,5,1
59,3330,3,0
48,3739,5,1
28,3633,5,1
59,2952,1,0
61,3293,1,0
34,7442,1,0
57,3347,2,1
29,6029,3,1
31,4232,4,0
56,6641,5,0
56,1874,4,1
38,8861,1,0
35,7452,3,0
42,2271,4,0
54,7450,5,1
30,6314,2,0
18,7670,4,1
33,3548,2,0
45,6923,2,1
49,5481,4,1
31,2417,4,1
50,7533,1,1
43,4247,4,0
46,1828,2,0
21,3750,4,1
39,6832,3,0
50,8322,3,0
36,2494,1,0
63,4237,1,0
49,4013,1,0
45,5676,3,1
45,5514,4,0
54,1819,4,1
18,8703,1,0
43,3363,5,0
40,6996,4,1
34,5172,1,0
46,3989,3,1
59,6602,2,0
31,6609,5,1
65,6504,5,1
56,8268,1,1
63,5945,4,0
65,6880,3,1
18,8900,3,1
60,3500,2,1
45,4229,2,0
65,3622,5,1
42,2630,2,0
63,6289,5,1
52,8399,1,1
24,4499,5,0
39,3667,3,0
62,2399,2,0
45,7872,2,0
30,8489,5,1
63,4291,4,1
58,3123,3,1
47,7915,5,1
22,8740,5,1
51,2957,2,0
51,7067,5,1
21,4501,5,1
36,2352,4,0
42,7514,1,1
30,7517,3,1
41,5083,3,1
54,6710,5,1
35,5006,1,1
38,6021,4,1
57,4006,5,1
42,3379,5,0
18,8814,5,1
46,3062,2,0
25,2215,5,0
27,5217,1,0
26,1860,1,0
40,4410,4,0
44,4075,3,0
51,5065,3,1
40,5843,3,0
29,3887,4,0
18,1856,1,0
46,4565,5,1
44,8422,5,1
36,7397,1,0
44,4934,3,0
24,3060,2,0
37,3930,1,0
55,6810,4,1
18,2977,2,0
44,6177,4,0
32,8652,3,1
20,7781,1,0
33,5144,2,0
57,4243,3,0
31,5999,4,0
20,8331,3,1
52,6809,5,1
56,8164,3,1
31,4004,5,0
45,7026,1,1
48,6685,4,1
54,8989,4,0
35,4557,2,0
25,3518,3,0
35,6114,1,0
20,5601,2,0
42,7958,4,1
50,1916,5,1
58,7035,2,1
61,1954,3,1
58,8036,5,0
60,5340,1,0
57,3855,3,0
20,8365,2,1
40,6145,5,1
26,4520,5,0
19,5639,2,1
27,2134,2,0
65,5404,4,1
52,5378,4,1
41,2731,3,0
45,7844,3,1
61,6081,2,1
50,6076,2,1
38,8244,5,1
62,6013,3,0
44,3103,2,0
32,3178,4,0
59,4753,5,1
57,7999,3,0
44,8670,4,1
51,3518,1,1
46,3376,1,0
29,8709,5,1
59,7381,1,1
51,8339,1,1
50,3025,3,1
42,8544,3,1
54,4359,4,1
55,8648,1,1
27,3729,2,0
27,3602,4,0
57,5917,5,0
27,3202,2,0
54,2263,1,1
45,4391,3,1
63,6241,4,0
53,4098,4,1
55,4445,3,0
46,5246,4,1
30,6660,5,0
52,6230,5,1
46,7935,2,1
22,4689,5,0
49,6735,1,1
37,4827,5,1
63,6937,4,0
53,3521,5,1
50,5431,4,1
19,8855,2,1
61,5723,4,0
33,6663,4,1
29,2738,5,0
39,7847,1,0
52,2617,2,1
59,8264,5,1
42,8741,1,0
26,8480,1,0
49,1857,4,1
56,2100,1,0
55,2880,2,0
27,6629,5,0
53,6770,2,1
63,5989,4,1
56,5520,1,1
38,2162,4,0
47,5986,5,1
51,8213,2,1
30,4571,3,0
18,8356,4,1
65,2631,2,1
60,3586,1,0
39,6978,1,0
38,5404,1,0
59,2566,5,1
56,7333,2,1
63,8535,3,1
37,4811,5,0
24,2425,3,0
48,2221,1,1
32,7109,3,1
30,5081,5,1
25,4456,4,1
52,6729,1,1
55,7033,4,1
46,6861,4,1
27,3701,3,1
58,3987,3,1
36,3957,4,1
54,8437,3,0
32,8512,4,1
45,4242,1,0
31,2903,5,0
31,8012,4,1
31,8915,1,0
49,4798,4,1
28,6726,2,0
32,2655,5,0
53,8140,2,1
26,6427,1,0
41,7577,3,1
32,3656,2,0
42,8800,3,0
40,6934,3,1
55,5345,4,0
47,3498,3,1
42,8735,4,1
42,3247,1,0
58,6488,3,1
59,2474,4,1
57,2741,4,0
18,4558,1,0
28,2430,5,0
43,6424,5,0
36,2610,2,0
37,8663,3,1
42,7526,1,1
34,8495,5,1
49,8442,4,1
65,2852,5,1
26,6191,4,1
58,3777,2,1
19,8451,2,0
58,4649,1,0
59,6593,4,1
29,2754,5,1
44,4889,4,0
56,7913,4,1
44,5367,1,0
38,7916,4,1
35,3224,1,0
26,2894,2,0
55,6258,1,0
31,7740,4,1
53,3608,4,1
57,7865,1,0
46,6832,1,1
58,4293,3,1
25,4047,3,0
28,3530,2,0
40,2313,4,0
43,4753,4,1
26,8915,4,1
25,6302,4,1
26,4909,2,0
55,8208,3,1
59,4924,5,1
40,6573,2,0
49,7414,4,1
34,8451,1,0
20,2015,2,0
53,4449,1,1
65,8366,3,1
64,7714,2,1
35,8185,3,1
34,8968,5,1
27,3279,5,1
32,6491,1,0
33,3712,1,0
41,4060,4,1
62,2485,3,1
36,6553,2,0
23,2737,3,0
55,5551,5,1
55,8549,3,1
26,8966,1,0
55,4439,3,1
49,7129,4,1
50,3391,1,0
41,5912,1,0
64,7507,5,1
33,2502,3,0
23,4458,1,0
34,3674,4,0
44,3199,1,0
18,5780,5,0
47,2597,1,0
43,6968,5,1
37,2855,3,1
21,5130,5,1
18,2969,4,1
60,3421,2,1
64,2390,3,1
29,7589,2,0
20,2232,2,0
29,5914,4,1
59,7463,3,1
19,7331,3,1
26,3177,3,1
24,4169,2,0
44,5735,1,0
22,3897,3,1
54,2960,1,0
43,5276,2,0
65,6054,2,0
26,4076,1,0
38,3701,5,0
60,3242,1,0
26,7165,1,0
60,7855,5,1
22,2732,2,0
37,3512,2,0
30,3666,2,0
51,4903,1,1
28,3792,5,0
44,7364,3,1
31,4292,2,0
37,8128,3,1
45,8296,1,0
55,5994,4,1
35,3224,1,0
55,4721,2,0
47,7015,4,1
33,4066,5,0
58,4753,2,0
32,4718,4,1
23,4541,2,0
43,4838,3,0
22,3991,4,1
42,3091,3,1
58,5985,1,1
44,5211,3,0
48,8212,3,1
43,8754,5,1
28,4163,4,1
35,8064,4,1
38,7263,2,0
53,6555,4,0
58,8074,5,1
39,7927,2,0
30,8987,4,1
55,3034,3,0
48,2470,2,0
59,7516,4,1
65,6922,5,1
38,4023,2,0
36,5165,5,1
65,5315,2,1
19,5182,1,0
52,3005,3,1
55,7033,2,1
52,8249,1,1
40,8848,2,0
50,2482,1,0
50,7172,2,1
23,2039,2,0
31,5682,2,0
48,7461,2,1
18,2581,3,0
45,8472,4,1
63,1956,5,1
42,7795,3,1
25,2879,1,0
43,8220,2,0
37,8214,4,1
38,7062,3,1
65,6536,2,1
62,4229,3,1
31,8484,2,0
47,2936,5,1
55,6965,3,0
43,8522,5,1
60,2454,1,0
44,7555,4,1
54,5569,1,1
46,7306,1,1
53,3636,2,0
56,2708,1,0
42,2680,2,0
54,2025,1,0
63,3822,5,1
64,6593,1,1
23,3394,2,0
35,3564,4,1
44,8625,4,1
31,7416,3,1
24,4105,1,0
52,8330,3,0
21,2382,4,0
31,2108,1,0
52,2546,1,0
36,6537,5,1
23,8121,1,0
37,7175,2,1
20,3033,5,0
44,8789,4,1
43,6258,1,1
22,8977,5,1
33,4191,2,0
30,3912,5,1
39,4276,5,0
27,2290,2,0
22,5285,1,0
54,7299,1,1
55,2616,2,1
42,2281,1,0
48,2610,1,1
25,3465,2,0
24,6575,3,1
19,2908,3,1
60,8906,1,0
51,6351,1,1
25,2885,5,0
58,4250,3,0
49,7511,1,1
56,3545,4,1
50,4818,4,1
45,3336,5,0
53,8260,1,0
58,5890,3,1
25,7187,4,0
54,4145,2,0
27,2774,3,0
21,2423,2,0
39,3584,3,0
56,7235,4,1
29,4982,1,0
34,8469,3,1
38,3237,4,1
22,1816,2,0
36,5785,1,1
47,6582,5,1
57,4060,5,1
40,5289,4,1
50,6471,5,1
21,2050,3,0
58,7540,3,1
40,7234,4,1
41,8175,5,1
27,8777,2,0
64,2507,4,0
43,2891,3,0
19,3921,4,1
48,1984,1,0
59,4048,1,1
18,8504,4,1
44,8854,2,0
62,5993,4,1
24,8983,1,0
58,8457,4,1
56,2283,3,1
24,5780,2,0
18,5664,4,0
50,7699,1,0
60,3121,2,0
53,3013,2,0
27,4125,1,0
48,4476,2,0
40,6764,5,1
20,1810,3,0
64,7954,5,1
56,8374,1,1
24,7571,1,1
40,7264,1,1
38,3391,3,1
46,2992,2,1
51,6650,2,1
18,8284,4,1
58,7536,3,1
53,2135,5,1
51,3768,1,0
52,1940,1,0
37,2638,5,0
63,4498,2,0
57,4527,2,1
50,8033,1,1
34,4158,4,0
47,4157,2,0
29,2496,5,0
57,3629,1,0
40,5877,5,1
19,7318,2,0
55,8133,1,1
24,3617,5,1
63,5442,3,1
33,8533,4,1
18,4412,3,0
40,5838,3,1
37,7516,1,0
35,3328,5,1
18,8633,4,1
45,6440,1,0
40,3055,5,0
52,5315,1,1
64,2197,4,1
47,3770,2,0
35,4841,4,1
23,5069,3,0
44,2563,2,0
53,2366,3,1
53,2279,2,0
58,1967,5,1
48,7721,4,1
28,7044,5,1
36,4006,3,0
49,8842,2,1
18,6154,3,1
33,7894,2,1
29,3541,3,0
20,4043,1,0
26,4321,1,0
39,3820,4,0
38,6179,3,1
36,8729,5,1
42,3226,4,0
42,1922,2,0
41,5504,1,0
31,3615,2,0
39,7334,5,1
29,3620,1,0
52,8439,2,1
32,2177,3,0
26,6756,4,1
62,6856,5,0
28,2612,4,0
28,6717,2,1
19,4274,1,0
52,8100,2,1
40,7407,2,0
43,4933,5,0
18,5045,2,1
40,7956,1,1
25,8673,2,0
50,2169,3,1
40,1862,2,0
44,2580,5,0
54,3760,2,0
57,3648,4,1
23,6745,1,0
59,1977,2,1
59,4598,4,0
27,3309,3,0
63,7346,3,1
22,6011,3,1
56,4332,1,1
55,6892,2,1
36,8303,3,1
31,2919,2,0
42,7132,4,1
52,8094,1,1
42,4172,4,1
33,5436,1,1
25,6837,3,1
40,3404,5,0
24,2457,4,1
45,5246,4,1
40,3248,4,0
44,2348,2,0
54,3111,5,0
62,7108,3,1
21,5132,1,1
57,2290,2,0
22,7331,1,0
58,6281,4,0
58,8565,4,1
31,4546,2,0
30,7402,4,0
40,6598,2,0
26,4901,5,1
59,5999,3,1
49,2486,1,0
27,6766,3,0
20,2036,2,0
39,8131,2,0
52,6425,2,1
62,7512,1,1
34,5382,3,1
58,5914,4,1
31,2838,4,1
52,7645,3,0
60,6336,2,1
49,5181,3,1
39,3522,5,0
24,2605,3,0
19,8472,4,1
28,7537,4,1
29,5331,4,1
32,8939,3,0
27,5796,2,1
38,4629,2,0
33,5805,3,1
38,7955,4,1
44,3931,5,0
36,6622,4,0
35,8469,5,1
41,8603,1,0
44,6923,2,0
44,6539,2,1
44,4478,4,0
39,8834,1,0
61,2244,4,1
46,8974,4,1
29,6692,2,1
62,1978,5,1
31,3908,3,1
22,2873,5,0
45,8916,3,1
29,3007,2,0
49,5580,5,1
62,8800,1,1
40,5836,5,1
26,4860,1,0
36,7518,1,0
31,3685,5,0
23,4197,4,0
27,8142,2,0
59,7789,2,1
54,7523,3,1
63,5033,4,1
64,5447,1,1
44,6962,2,0
51,5292,2,0
22,2933,2,0
21,7698,5,1
35,2836,4,1
52,3467,2,1
31,5264,4,1
42,1987,5,0
62,6225,5,1
64,7862,1,1
42,1871,3,0
34,6769,3,1
56,2890,1,0
41,5234,3,1
21,2731,2,0
57,4827,1,1
31,4865,1,0
18,2434,1,0
36,5007,1,0
51,7660,1,1
21,3575,5,1
54,7034,1,1
58,2358,1,0
35,3782,1,0
42,5969,3,0
31,8629,3,0
58,7161,1,1
59,3579,4,1
38,4685,5,0
20,6915,1,0
43,6029,3,1
46,2701,4,1
46,6296,3,0
56,2104,2,1
60,2641,4,1
51,7484,5,1
31,5762,1,0
24,4796,5,1
45,8344,5,1
25,2497,5,0
42,5392,3,1
63,6070,2,1
28,5190,1,0
20,7693,3,1
39,6193,2,0
34,4720,5,0
40,5256,3,1
27,6268,3,1
33,3827,5,0
50,3136,3,0
43,7202,2,0
62,5748,3,1
22,7381,3,1
35,5284,4,1
56,8918,2,0
30,1852,2,0
39,3475,2,0
47,3264,4,1
45,6653,5,1
32,3889,3,0
41,8443,1,0
26,8966,5,1
37,5293,1,1
18,8384,5,1
30,1862,5,1
48,2824,1,0
32,6351,2,1
48,5643,4,1
25,2790,5,0
38,2850,4,0
42,3425,1,0
21,1870,4,1
27,2399,1,0
63,8825,3,0
36,7330,3,1
61,2224,3,1
48,8753,4,1
24,8004,5,1
63,5299,1,1
55,6968,4,0
41,7614,5,1
43,5098,4,1
20,6774,5,1
42,6092,2,0
35,1931,1,0
41,3047,2,0
36,2933,4,0
41,3407,4,0
62,3293,2,1
55,2422,3,1
57,7562,1,1
41,7479,3,1
33,5251,1,1
39,5837,5,0
39,2104,1,0
43,7606,2,0
19,5928,1,0
40,6391,5,1
60,3943,4,1
56,5533,5,1
31,3607,3,0
50,7646,2,1
23,6716,2,0
54,5100,4,1
34,4949,2,0
63,5939,4,1
42,8788,3,1
33,8454,2,0
31,2550,4,0
60,5139,4,1
51,2963,3,1
39,3961,5,1
64,5880,2,1
20,8442,1,0
65,7332,2,0
43,7240,1,0
60,7913,4,1
38,2504,5,0
39,4092,2,0
49,8987,1,1
59,3462,1,1
62,7743,2,1
38,5247,2,0
63,8047,2,1
23,2276,1,0
55,2229,5,1
55,3723,1,0
51,2733,1,1
37,8792,5,1
29,6114,2,0
35,2328,3,0
56,7993,2,1
21,6892,2,0
34,7585,2,0
44,5279,1,0
44,5026,2,0
59,2002,5,1
23,2949,2,0
45,6059,1,0
54,4282,4,1
34,8100,4,1
40,7680,2,0
23,2097,3,0
31,7324,2,0
57,5344,4,1
56,5468,5,1
26,2575,5,0
25,7919,3,0
45,6767,2,0
44,7808,3,1
64,2650,4,1
45,5723,1,0
48,5061,2,1
52,8439,2,1
33,5342,5,1
60,7262,3,0
64,7163,4,1
58,3122,4,1
29,6650,2,0
45,5363,4,1
62,6017,1,1
62,3395,4,1
23,5037,3,0
53,7049,5,1
63,6205,5,0
36,6557,5,1
38,6433,5,0
38,4596,5,0
47,3047,4,1
56,8648,4,1
19,6297,2,1
41,7878,5,0
19,2393,3,0
46,2695,4,1
53,6573,2,1
26,6635,3,1
40,8365,1,0
46,2457,1,1
37,6105,4,0
59,4757,1,0
56,3304,3,1
63,7031,2,1
46,6397,4,1
47,2207,2,0
27,6630,2,0
24,7789,2,0
18,2322,5,0
58,2095,4,1
54,7978,1,1
59,6721,3,0
29,3127,2,0
44,6753,2,1
58,6394,1,1
20,1911,4,0
19,2914,3,1
42,7134,4,0
62,8393,5,1
33,5646,3,1
62,8427,3,1
62,2553,3,1
60,6695,3,1
61,8164,4,1
64,4916,5,1
31,4764,3,0
41,3592,3,0
22,4099,4,0
53,6194,4,1
50,3427,3,1
36,6400,2,0
40,7165,5,1
58,3110,4,1
31,5356,4,1
51,4365,2,0
60,8447,4,1
51,5658,1,1
56,4181,2,0
59,5146,5,1
60,8592,3,1
64,5327,5,1
52,2059,3,0
64,8275,3,1
21,4758,1,0
52,4004,4,1
64,8539,1,0
30,4096,2,0
56,8013,2,1
62,5629,4,1
65,5814,2,1
55,4378,3,1
40,7263,1,0
19,2319,4,0
53,4676,1,0
61,2886,1,0
39,1989,2,0
24,4353,2,0
22,2940,4,0
61,7425,2,1
49,6882,3,0
64,7738,1,0
33,7180,3,1
35,8918,2,0
29,5574,3,0
45,8685,4,1
60,4617,1,0
51,4777,4,1
30,6338,3,1
39,2457,3,0
45,2135,5,1
58,2462,5,1
24,2442,4,0
37,4618,3,0
61,3601,4,1
44,2911,4,0
24,5205,4,0
46,3849,4,0
26,8729,1,0
48,4868,4,1
65,3166,4,1
24,3223,4,0
34,6106,1,0
59,5421,4,0
55,6890,1,1
32,2486,5,1
33,1965,2,0
56,4552,1,0
49,2285,3,1
63,4502,5,1
52,2970,2,1
63,7727,4,1
61,8384,1,1
31,4097,2,0
51,6355,5,1
37,5913,3,1
23,7186,3,1
21,2989,3,0
33,5082,3,1
61,2985,5,0
64,3745,1,0
26,5661,3,1
46,4901,4,0
57,2323,1,1
36,6637,1,1
58,3919,2,1
51,8770,2,1
33,5370,5,1
23,2112,2,0
55,5763,4,0
59,2678,3,0
27,7397,5,0
61,5631,5,0
39,8426,1,1
31,8822,2,0
45,2957,5,0
21,7789,5,1
57,3074,2,0
53,3816,4,1
22,8245,3,1
61,5572,4,1
25,8131,1,0
54,6009,4,1
46,7071,3,1
56,7866,5,1
23,4856,2,0
35,4403,1,0
29,1848,2,0
42,7881,5,1
49,6346,5,0
31,7901,3,1
21,3193,5,0
43,5507,4,0
59,8182,1,1
56,8196,2,1
61,7450,4,1
37,6923,1,0
64,2997,2,1
52,5936,1,0
33,8600,5,1
46,3213,1,0
38,2620,2,0
42,2292,1,0
28,3019,1,0
52,7186,5,0
33,3223,1,0
65,3413,1,1
61,4968,5,0
58,5167,2,1
18,3746,5,0
60,7372,1,1
62,5723,2,1
56,1903,4,1
55,7587,3,1
45,5749,2,0
19,4696,2,0
62,7675,1,1
48,1872,4,0
33,4003,5,0
19,8308,5,1
38,2653,2,0
18,6134,3,0
25,8198,5,1
57,3969,3,1
41,5243,5,1
57,5039,3,1
25,6715,2,0
49,2441,2,0
64,7406,1,1
61,5904,5,1
27,8734,4,1
40,5083,1,0
43,8066,4,1
46,6255,2,1
41,4777,4,0
24,3402,5,1
51,5714,3,1
20,3158,2,0
59,7676,3,1
22,4273,3,1
42,3241,4,0
64,3589,1,0
61,2704,1,1
44,8182,1,0
29,6929,1,0
36,5989,2,0
43,6157,4,1
44,3945,4,0
34,4980,3,0
54,4974,5,1
48,1978,2,0
53,8184,2,0
35,6234,2,0
56,7048,2,1
32,7453,1,1
54,3283,2,1
63,6664,1,1
28,5753,1,0
56,3627,3,0
34,2208,4,1
61,2989,5,0
52,5500,2,0
28,4100,4,0
30,1967,1,0
46,7505,5,1
43,7141,1,1
48,4541,4,1
64,8272,5,1
54,5708,3,1
46,6914,5,0
28,8912,2,0
25,2704,3,0
44,8276,3,1
40,6033,1,0
52,7230,1,1
18,5344,1,0
58,8360,3,1
33,2575,4,0
24,3177,5,0
41,8622,3,1
29,7901,4,0
56,4299,5,1
49,6392,5,0
54,8674,2,1
62,7620,5,1
55,2238,4,1
28,7515,1,0
31,7067,1,0
45,5844,3,0
61,7498,2,0
32,8373,2,0
25,8372,2,0
57,8853,5,1
55,2100,1,0
56,8638,1,1
61,3138,5,1
36,4843,5,1
50,3642,3,1
33,7371,5,1
53,8013,1,0
35,7800,2,0
27,2991,3,1
39,2667,4,1
22,8629,5,1
29,4443,5,1
22,6955,3,1
44,3270,1,0
29,7589,2,0
20,2795,5,0
54,6700,3,1
24,8556,2,1
53,3861,3,1
38,4991,2,0
56,3785,1,1
48,6697,4,1
65,4566,5,0
55,5311,3,1
55,6210,4,0
35,7775,1,0
65,6807,5,1
62,2681,4,1
30,4492,1,0
50,2327,1,1
31,6892,4,0
45,5509,1,0
26,2791,4,0
63,4206,1,1
29,4303,2,0
59,3198,3,0
57,6102,2,1
21,5173,2,0
33,5354,3,1
18,2571,5,0
37,4177,3,0
53,8948,3,0
60,2052,2,0
33,8423,3,0
56,4320,4,1
62,2544,1,0
50,5288,1,1
44,4044,1,0
54,4134,1,0
40,3376,5,0
63,2332,2,0
38,4348,2,0
38,2564,5,0
29,4958,1,0
22,2022,2,0
38,6850,3,0
54,6663,2,0
29,3781,4,0
42,5345,5,1
45,6714,2,1
54,4642,2,0
42,2564,5,0
22,6920,5,1
30,6787,1,1
32,8217,3,0
59,6968,2,1
42,5278,2,0
30,4013,4,0
37,7325,5,1
32,3750,3,0
41,2639,5,0
57,3884,1,0
41,8451,3,0
33,7759,5,0
57,2894,5,1
19,5484,3,1
19,6531,3,0
53,6990,5,1
41,6787,3,1
48,8710,1,1
45,8408,5,1
45,4121,3,0
56,2587,4,1
20,3918,4,0
53,6084,2,0
55,8338,5,1
26,6309,5,1
31,4050,3,1
57,7084,4,1
51,5352,4,1
52,6807,5,1
19,5147,1,0
59,1982,4,1
23,8732,3,1
23,2461,1,0
31,8340,5,1
63,5470,1,1
48,8593,3,1
64,4468,1,0
22,6246,5,1
19,7421,1,0
60,4196,3,1
64,7395,2,1
62,3499,3,1
58,5363,5,1
19,4079,3,1
19,7089,3,1
44,8819,5,1
32,5768,3,1
26,8556,3,1
53,5360,1,1
62,6199,5,0
39,8366,4,0
20,8718,2,0
61,8839,2,1
63,5818,4,1
42,8964,3,1
22,6954,4,1
33,6037,3,1
65,5135,5,1
60,4956,2,0
40,3608,1,0
23,1978,1,0
27,5398,5,1
56,4531,1,1
57,7112,2,0
36,7065,5,1
27,8912,4,1
51,4880,4,0
31,4972,3,0
21,3391,4,0
37,7370,3,1
56,3914,4,1
56,4892,2,0
52,2389,2,0
41,5402,4,0
63,8699,1,1
32,8666,1,1
37,4093,3,0
45,3217,4,1
42,3807,4,0
38,7506,1,0
53,6759,4,1
34,8218,4,1
41,6823,3,1
59,3761,3,1
63,4538,2,0
30,5454,4,1
19,7970,2,0
47,5239,5,1
19,3972,2,0
48,5250,4,1
37,6688,4,1
37,2523,1,0
48,8079,2,1
31,2286,5,0
20,7070,1,0
35,7849,1,1
41,5063,3,1
27,3783,3,1
39,3800,5,1
39,7163,4,1
39,3276,2,0
26,5171,4,1
58,7399,1,1
20,3931,4,0
54,7836,1,0
65,3811,3,1
60,4762,4,0
56,7447,5,1
55,7826,4,1
23,2510,5,0
38,5915,2,1
46,8251,3,1
22,4355,3,0
45,2561,5,0
59,5145,5,1
18,4099,4,1
44,5075,4,1
27,7601,5,0
41,7632,2,0
39,6718,5,1
51,7058,5,0
63,3144,2,0
18,7780,2,0
29,5866,4,1
19,4384,3,1
61,3782,5,1
29,3074,1,0
40,2350,2,0
52,4982,4,0
49,4319,4,1
31,6320,5,1
34,5517,5,1
34,5529,3,1
26,1821,2,0
34,4110,1,0
65,8957,2,1
32,8215,5,1
32,8667,3,1
52,7925,4,1
49,5724,3,0
23,3467,3,0
61,3339,1,0
50,4862,2,0
44,8127,3,1
23,4661,2,0
51,8155,5,1
28,7483,1,0
56,4485,3,1
57,2274,5,1
63,7349,1,1
53,4872,3,1
51,8677,1,1
40,8008,5,0
52,3483,1,0
37,6162,5,0
63,8070,1,1
30,6165,1,1
42,3348,3,0
56,8488,2,1
28,2642,5,1
54,5595,2,1
21,8684,5,1
24,3220,1,0
27,5668,2,0
23,4222,4,0
33,2486,3,1
40,4769,2,0
22,4427,2,0
21,8422,3,1
46,5412,5,0
63,2617,1,0
65,5136,3,1
37,7236,3,1
44,7873,4,1
37,4466,3,0
53,7878,2,1
24,2958,4,1
56,3986,3,0
44,4313,1,0
64,8383,1,0
24,7491,4,1
42,7452,5,0
21,7974,5,1
28,7240,3,0
65,2811,4,1
44,8552,5,1
27,7428,1,0
49,4715,4,0
42,8645,5,1
42,2996,1,0
58,4019,4,1
63,2507,1,0
54,3687,2,0
58,6988,3,1
26,6315,4,0
30,3093,2,0
59,7214,4,1
35,6378,3,1
65,2855,3,1
53,5593,1,0
40,2523,3,0
63,8447,1,1
50,8376,1,1
27,6975,5,1
42,2159,3,0
29,8282,2,0
44,8215,3,1
48,3958,4,1
43,7473,5,1
20,7681,5,0
23,6998,5,1
55,5937,3,1
62,3926,2,0
42,4497,3,0
26,3606,5,0
51,5966,5,1
42,4647,4,0
57,6907,2,0
42,7198,1,0
26,2930,5,0
23,2600,2,0
18,4089,4,1
35,7251,4,1
23,7974,5,1
31,5969,1,0
25,8025,3,1
51,6607,3,1
53,3180,5,1
22,6626,1,0
54,7788,1,1
32,4320,4,0
33,6621,3,1
65,5149,4,1
21,8518,5,1
32,2832,4,0
53,3895,5,1
43,8473,5,1
44,8637,3,1
60,3022,5,1
41,8143,5,1
28,6105,2,1
18,8027,1,0
27,3810,3,0
45,5977,5,1
52,7759,3,1
45,5772,4,1
50,1951,5,1
35,4453,5,0
35,7813,3,1
54,5690,3,0
32,4727,2,0
48,4440,3,1
63,4501,5,1
50,7534,5,1
52,7604,4,1
23,7418,1,1
36,6113,4,1
28,5310,4,1
25,8673,1,1
57,5838,4,1
32,3997,5,0
38,2389,3,1
45,4345,1,0
46,6136,5,1
64,1865,1,0
31,4675,5,1
21,8640,1,0
30,8657,1,0
65,4481,5,1
58,3071,2,1
27,2834,5,0
52,8287,2,1
60,6716,2,1
44,6332,1,0
51,8077,3,1
62,2203,1,1
50,2075,3,0
31,3410,3,0
22,8669,3,1
46,7925,2,1
51,5069,4,1
49,2654,3,1
35,5214,1,0
55,3063,4,0
45,5769,3,1
43,6985,2,0
21,6953,3,1
43,7507,3,1
22,2677,5,0
63,6147,3,1
65,6932,2,1
41,7844,1,0
23,4727,3,1
59,8668,2,1
19,7317,4,1
38,6297,2,0
28,4964,2,0
31,6775,3,1
59,5994,3,1
43,1820,4,0
19,8609,4,1
23,7258,5,1
24,6773,5,0
48,4869,3,0
54,7350,3,1
37,6748,2,0
61,2621,4,1
57,6235,2,1
61,8025,2,1
59,4555,5,1
46,5444,4,1
38,6570,1,0
41,4471,3,1
34,7113,2,0
37,3623,4,0
60,5835,1,1
44,8359,5,0
27,7746,1,1
35,8088,5,1
21,5788,4,1
62,3774,3,1
40,3524,3,0
47,2823,1,0
25,2808,3,0
47,5526,2,1
57,3953,2,0
60,3949,5,1
29,4686,3,0
50,4558,4,1
32,4606,3,0
64,6992,4,1
43,6174,3,1
41,5630,2,0
38,3042,2,0
52,4804,3,1
19,8632,5,1
40,5781,5,1
49,4766,5,0
44,5096,1,0
51,8135,3,1
25,8162,2,0
33,3548,3,0
37,1949,4,0
43,8409,5,1
46,6990,1,1
49,7284,5,1
62,3811,3,0
40,7646,3,1
20,6045,2,0
36,4854,4,0
47,2008,2,0
42,2625,1,0
40,6844,1,0
20,8009,1,0
20,4939,4,0
59,4009,5,0
52,5342,5,0
51,4360,3,1
43,7564,2,0
41,6537,2,0
55,5275,4,1
33,4691,2,0
49,3767,3,1
40,7560,5,1
20,5806,1,0
26,6174,5,1
23,3550,2,0
24,7970,2,0
22,4029,2,0
47,8822,3,0
58,4337,5,1
43,8771,2,0
63,8123,5,1
22,7489,3,1
19,3405,1,0
47,7317,2,1
58,5379,3,1
27,4993,1,0
39,3286,4,0
64,5657,5,1
63,8176,1,0
50,8877,5,1
55,2649,1,1
61,2852,2,1
28,2418,3,0
28,4440,2,0
23,2686,5,0
59,6277,5,1
27,8705,3,1
37,5030,3,1
34,6954,3,1
41,7534,2,0
61,8509,3,1
22,2696,5,0
62,6160,3,0
42,5487,2,0
19,7429,3,0
31,6327,5,0
55,3572,4,1
64,5313,5,1
24,6199,3,1
23,3931,4,0
28,2028,1,0
51,3797,2,0
35,2288,1,0
46,3184,5,1
42,1893,2,0
48,8996,4,1
47,5755,1,1
18,5255,4,1
52,3743,4,1
65,6745,3,0
44,7159,4,1
22,7014,4,0
24,5887,2,0
52,6088,5,1
21,7180,3,0
42,8467,5,1
32,8575,2,0
37,7160,3,1
34,6836,4,1
24,6623,5,0
20,4445,2,0
19,4969,3,1
54,2071,5,1
49,7085,1,1
26,4554,1,0
56,5491,1,0
22,7840,3,1
24,3338,4,1
27,6547,4,1
18,5587,3,0
39,3820,1,0
58,5060,2,1
39,3207,4,1
26,3227,1,0
65,7999,1,1
50,5531,3,1
50,1885,2,1
56,3699,2,1
41,6266,2,1
37,3373,5,0
18,5144,3,1
38,8773,1,0
39,3878,4,0
62,7583,3,0
28,7816,1,0
23,3033,5,0
23,6480,3,1
58,6575,4,1
18,3606,3,1
56,5517,1,1
49,2467,4,1
30,2067,3,0
46,2266,5,1
26,3877,4,0
23,5012,3,1
32,8032,5,1
31,3758,4,0
34,2744,5,0
43,5547,4,1
45,8826,1,0
35,3638,3,0
59,8704,5,1
47,7340,2,1
58,8046,4,1
20,3664,2,0
55,8281,4,1
64,7741,4,1
49,3962,3,0
18,4275,5,0
52,8835,1,1
62,8953,4,1
31,8711,1,0
40,4970,1,0
36,3128,4,0
56,8185,5,1
41,8498,5,1
37,8376,4,1
25,2661,1,0
54,5672,4,1
46,4765,3,1
40,5226,3,1
50,6430,4,0
42,7396,5,1
50,4567,3,1
61,2002,2,0
56,5957,3,1
42,6128,3,1
18,8704,4,1
55,7771,5,0
59,7680,4,0
51,2883,4,1
48,2076,5,1
46,5410,4,1
41,5637,1,1
31,6465,5,1
44,2982,4,0
47,6627,2,1
46,2371,1,0
46,8020,2,1
25,2865,5,0
29,3335,1,0
59,3175,3,1
32,3377,2,0
27,3566,5,0
32,3866,3,0
43,8471,1,1
42,6436,3,1
61,1818,4,1
59,2869,2,0
52,5009,3,1
56,4302,1,0
39,3786,4,1
21,2070,4,1
34,3879,5,1
53,4555,3,1
39,3810,1,0
55,6975,5,1
34,3165,3,0
37,2972,5,1
38,3828,4,0
37,2881,3,0
19,5729,5,1
45,6310,5,1
46,6259,4,0
29,2144,2,0
26,3182,1,0
22,5736,1,1
23,6890,3,1
44,3510,5,1
60,2879,5,1
54,6096,4,0
51,5871,2,1
62,2424,3,1
37,6448,3,1
29,6520,1,0
60,6530,4,1
25,5298,1,0
29,6239,5,1
48,1836,1,0
62,2138,2,0
37,4572,1,0
19,3005,2,0
59,7961,1,0
49,4756,3,1
35,2347,4,0
49,6875,2,1
62,2358,1,1
35,5124,4,0
47,4417,1,1
40,3201,4,0
54,5464,3,1
21,3682,4,0
52,8083,3,1
52,8394,2,1
54,4851,5,1
27,3748,5,0
52,7593,1,1
23,8881,3,1
56,3057,2,0
49,2418,3,1
52,4603,5,1
57,6995,4,0
41,2162,1,0
49,6791,4,1
19,6857,2,0
54,2870,1,0
53,3067,5,1
40,2834,2,0
27,6429,4,1
35,6513,2,1
55,4589,5,0
24,4615,5,1
58,4847,3,1
22,5317,2,1
59,5434,1,1
28,1958,4,0
47,4279,1,1
37,3303,3,0
47,8572,2,1
28,4957,2,0
23,6036,5,1
22,3256,3,0
48,7760,4,1
59,5357,4,1
34,4233,2,0
30,6958,3,1
57,5588,5,1
56,8902,4,1
25,4565,4,1
37,3625,5,1
59,2152,2,0
54,2184,2,0
52,7102,1,1
26,4200,4,0
44,2214,1,0
54,4151,1,0
44,7526,3,1
48,5201,2,1
28,5121,4,1
62,8626,2,0
34,6665,2,1
32,5179,5,1
56,8029,1,1
35,8600,1,1
61,4520,2,0
24,7622,1,1
29,8514,2,0
22,3918,4,1
39,5249,5,1
18,8999,1,0
51,3978,2,1
32,3581,3,0
65,4035,4,1
28,3093,5,0
33,8632,3,1
61,5203,4,1
23,4691,2,0
19,8268,2,0
28,7876,3,1
33,5098,3,0
64,3461,2,0
19,6507,1,1
58,2255,4,1
47,5130,1,1
59,4353,3,0
50,5804,2,1
63,4461,3,1
21,7652,3,0
33,2823,4,0
56,2976,1,1
46,4779,3,1
32,6895,2,0
32,7402,5,1
19,4070,3,1
65,8172,5,1
62,4640,2,0
53,7484,2,1
30,3832,5,0
32,3817,1,0
32,4071,3,0
61,3505,1,0
32,5266,3,0
29,3049,3,1
34,1977,5,0
30,7653,4,0
33,3685,3,0
22,5074,1,0
26,4475,1,0
49,7605,1,1
40,4456,5,1
21,8386,5,1
35,6994,1,0
27,7105,3,1
43,4303,1,0
57,3080,3,1
23,2878,3,0
20,5783,5,0
23,8717,2,1
64,4628,1,0
65,3628,3,1
34,8043,1,0
48,2701,3,1
38,4732,4,1
43,5340,2,0
50,6975,2,1
44,3815,1,0
45,2785,4,0
22,7299,5,1
63,5343,2,1
18,8959,1,0
22,4361,1,0
21,4375,5,0
42,5903,3,1
44,6679,4,1
22,4307,2,0
62,5260,1,1
50,2144,5,0
20,2444,3,1
44,7802,1,1
64,3573,5,0
50,6096,5,1
52,6665,2,0
43,7177,1,0
33,6345,5,0
50,5675,5,1
23,6120,3,1
56,2174,3,1
60,6643,4,1
43,8015,5,1
28,4914,4,0
20,1898,4,1
63,5799,2,1
64,7029,5,0
60,8884,3,1
58,3382,4,1
44,4116,1,0
32,7756,1,1
32,2207,4,0
51,8027,5,1
54,4841,1,0
40,4126,5,0
44,5580,1,0
48,3958,5,0
45,4904,5,0
44,5481,3,0
53,4565,4,1
23,5281,3,1
20,4676,5,1
43,3497,3,0
23,5926,1,1
59,5395,2,1
27,1933,1,0
51,8639,3,1
31,3767,4,1
48,8309,2,0
30,2614,4,0
53,5740,1,1
28,8678,4,0
36,6285,4,1
18,8780,1,0
60,2271,2,1
36,4560,3,0
21,4602,3,0
20,5955,1,0
55,6310,2,1
49,5088,4,1
50,5718,2,1
24,5009,2,0
36,3837,5,0
60,2286,1,0
23,4184,2,0
57,4316,5,1
19,5828,3,0
54,6439,4,1
35,5185,4,0
57,5867,2,1
51,6761,4,0
39,3071,4,1
58,5111,1,0
26,3846,1,0
36,2119,3,0
47,5499,1,0
23,7200,3,1
65,2156,3,0
51,8770,2,1
50,1898,3,0
43,5333,1,1
25,8761,2,0
26,5796,5,1
35,5780,5,0
53,4926,2,0
38,2951,4,0
38,8592,5,1
36,4280,3,0
27,3111,3,0
27,3856,5,0
43,3367,1,0
47,3722,4,0
41,2140,2,0
25,6166,1,0
42,7362,4,1
25,3959,1,0
33,7284,5,1
42,2498,1,0
23,8954,5,1
65,2816,1,1
57,2825,3,1
42,7188,5,0
37,7749,4,1
53,7281,2,1
20,3605,3,0
23,3422,1,0
25,8827,5,1
37,1879,3,1
62,7566,2,0
58,2748,4,1
60,1818,3,1
20,5915,3,1
54,7901,3,1
42,5512,1,0
50,5558,5,1
19,3421,1,0
40,8049,4,1
48,2825,2,0
60,5669,5,1
21,5527,3,0
31,8827,4,1
57,6939,5,1
51,5484,1,1
32,3822,5,0
32,5020,5,1
29,8483,4,1
22,1835,4,0
28,5294,4,1
22,7557,5,0
49,5048,2,0
20,2465,1,0
56,5126,3,1
24,3157,3,0
20,4982,3,0
35,5411,3,1
43,5600,5,1
53,4901,5,1
55,4025,5,1
22,5628,1,1
33,5120,1,0
21,5535,4,0
22,5441,4,1
32,7156,4,1
37,6678,2,1
20,5438,5,0
22,5423,1,0
45,8616,1,1
35,6846,1,0
23,3995,3,0
40,4537,5,0
35,3663,2,0
60,6051,3,1
64,5135,3,1
28,3674,5,1
48,8158,1,1
64,3718,3,1
18,8979,1,0
62,8328,5,1
42,6932,4,1
31,7692,4,1
65,6825,4,1
47,3728,1,1
31,6452,3,1
62,3067,3,1
63,7720,2,1
30,8294,5,1
51,4881,3,1
33,8645,5,0
48,7197,4,1
60,2557,3,1
33,4040,5,0
25,8067,4,1
42,5407,1,0
41,4780,5,0
48,8949,2,1
47,6776,2,0
63,2794,4,0
19,5021,5,1
30,8983,3,1
43,4276,4,0
55,6183,5,1
24,4224,3,0
18,8738,2,0
33,3852,2,0
24,7733,5,1
43,7922,5,1
41,4439,2,0
59,2248,3,0
29,4990,1,0
60,2457,1,0
65,2253,1,1
45,2404,4,0
55,5565,2,1
34,8118,5,1
23,2941,1,0
18,2184,5,0
59,8056,2,1
37,7255,4,1
57,2219,5,1
48,2847,2,0
31,2402,1,0
34,6135,1,0
47,6945,2,1
44,8812,3,1
64,5232,1,1
26,2388,5,0
26,1971,4,0
23,6111,4,1
25,5737,4,0
58,6939,2,1
27,3353,4,0
25,7454,4,1
45,5951,2,0
58,6792,5,0
47,5359,3,0
33,3007,2,0
60,2354,5,1
60,3271,3,0
52,3022,4,1
24,3232,4,1
33,5577,5,1
57,6450,3,1
28,3327,3,0
57,5195,3,1
61,6061,3,1
33,8365,4,1
64,6241,4,1
25,2409,3,1
32,3608,1,0
19,6756,5,0
53,5893,4,0
39,4399,3,0
60,8203,1,1
42,7522,2,1
51,5723,5,0
40,6527,1,0
19,7642,3,1
33,5633,2,0
29,7734,4,1
19,3572,2,0
50,4232,1,0
18,3235,5,0
60,6872,5,1
49,5637,2,1
54,3402,5,1
49,8785,5,1
40,2352,5,1
27,3887,4,0
23,2402,1,0
31,5007,4,0
63,6122,4,0
40,5019,4,1
24,2647,2,0
53,4189,2,0
19,8324,1,0
41,5059,2,0
50,7529,2,1
28,6946,3,1
53,2941,5,1
28,8348,1,0
48,7394,5,1
23,3207,4,0
45,4692,3,0
27,3306,1,0
18,2324,5,0
19,6308,3,0
48,3875,1,0
63,3112,4,1
45,8042,2,0
38,2342,2,0
64,4480,3,1
61,7611,1,0
41,2461,1,0
57,4286,5,1
63,2855,2,0
29,3503,1,0
44,1887,4,0
33,4439,1,0
59,6133,2,0
30,7285,3,1
58,4049,2,1
39,8409,2,0
45,8087,5,0
53,2046,5,0
44,7611,4,1
45,8683,4,1
53,5660,3,0
31,8829,1,0
35,3870,1,0
42,2615,4,0
55,5603,1,0
52,4154,3,1
39,6324,1,0
64,7173,1,1
37,2969,5,1
62,3192,5,0
26,4222,1,0
18,4403,1,0
44,6840,5,1
44,2608,2,0
28,7602,3,1
62,3803,2,0
53,2193,3,1
53,3381,4,1
58,4291,2,0
35,7863,1,1
63,4307,4,1
29,4584,2,0
20,8120,1,0
39,8159,2,1
38,5949,4,1
47,5448,5,1
29,5092,1,0
46,4063,5,1
33,1962,3,1
40,8372,5,1
50,1857,5,1
52,5337,1,1
37,8573,2,0
32,4814,3,1
36,7212,3,1
29,2170,3,1
40,6416,4,1
46,5862,5,1
23,2676,2,0
55,8332,5,1
63,4302,3,1
27,5422,3,1
61,2652,1,1
18,6301,5,1
40,6146,5,1
20,8337,1,1
60,3175,2,0
31,3450,4,1
56,8163,4,0
50,3403,3,1
61,7930,1,0
50,7006,5,1
55,6857,2,0
49,4100,4,1
65,2757,2,1
54,6750,4,1
56,2837,4,0
39,7501,4,1
32,3530,5,0
65,6231,5,1
27,6005,3,1
53,8851,5,1
50,7140,1,1
34,8156,2,1
47,5043,2,0
54,1870,1,0
49,6611,3,1
57,8760,3,1
38,5589,3,1
37,4070,1,0
20,5501,4,1
28,7893,4,0
58,8117,3,1
32,4238,4,1
54,2693,4,0
64,3922,2,0
59,6022,2,1
51,4498,5,1
47,8454,5,1
54,5315,3,1
38,5490,5,1
61,5870,3,1
53,2390,4,1
37,8548,2,1
61,2119,4,1
62,3524,1,1
59,7288,1,1
47,5614,4,0
61,7016,2,1
19,7058,1,0
52,3585,4,1
27,3362,2,0
50,4434,3,0
30,5148,5,1
39,2864,5,0
20,7764,2,0
26,8528,4,1
28,5556,2,0
60,7623,3,1
36,6904,4,0
56,7452,1,0
26,3812,3,0
22,4192,4,1
39,2073,5,0
40,4371,3,0
46,2143,2,0
44,2730,4,0
30,5225,3,1
41,6417,3,1
43,2710,2,0
54,3842,5,0
58,3008,4,1
18,8703,4,1
46,7820,4,0
27,3183,2,0
52,7117,2,1
58,2016,3,1
36,5234,5,1
33,7298,1,1
41,4828,3,1
39,6556,3,0
44,3538,3,0
49,5883,4,1
56,8370,3,1
31,3701,2,0
30,6523,5,0
61,8545,4,0
51,3257,2,0
42,7705,2,1
45,6410,1,0
61,3305,2,0
46,4868,3,1
43,2653,4,1
20,5336,4,0
64,2349,3,1
29,2116,1,0
31,3871,3,0
47,5375,5,1
28,2738,4,0
22,6315,2,0
61,8500,2,1
58,8805,1,1
28,6534,4,1
57,3001,1,0
39,3637,1,0
28,3219,4,0
21,6381,2,1
50,3710,4,1
35,3289,4,1
38,4143,5,0
49,7823,5,1
46,8265,2,1
27,2309,4,0
28,7476,5,1
65,7882,1,1
28,5252,5,1
36,3919,4,1
41,5922,5,1
65,4017,4,1
54,5215,1,1
34,5404,2,0
34,8489,3,0
47,3581,4,1
62,3852,4,1
52,3937,1,0
62,7526,5,1
38,5720,4,1
21,5355,1,0
57,6010,5,1
27,6270,3,0
51,2302,5,0
27,5085,1,1
42,3906,1,0
18,4598,2,0
22,7087,5,1
20,4541,4,1
43,6246,5,0
30,2408,4,0
48,8926,5,1
58,2325,2,0
51,3363,1,1
34,2893,5,0
33,4856,3,0
43,8286,1,0
56,2501,5,1
34,6356,1,0
18,7554,1,0
62,6014,4,1
24,4806,2,0
47,7115,1,1
21,5660,3,0
32,3642,4,1
55,4855,4,1
46,7529,2,1
36,5177,1,0
38,2351,1,0
54,1804,1,0
21,8478,1,0
65,4766,1,1
18,4849,1,0
60,4167,5,1
61,8047,2,1
57,3238,1,0
61,3210,5,1
48,4785,5,1
48,4003,4,1
59,7236,3,1
56,5259,3,1
65,5497,3,1
28,4638,2,0
61,7374,5,1
34,7280,2,0
23,5113,3,0
64,3530,4,1
61,8769,3,0
30,3752,4,1
57,8086,2,1
45,8322,4,1
61,6780,4,1
25,7891,4,1
18,8660,5,1
49,8081,1,1
47,4267,5,1
41,6067,3,1
43,6028,5,0
35,6618,5,0
21,3532,3,0
28,4120,1,0
46,3892,3,1
54,6856,5,1
31,3296,3,0
33,4399,2,0
65,6642,1,0
25,2541,1,0
51,4846,1,1
34,5161,4,1
57,6337,3,1
28,2425,2,0
54,5175,1,1
31,2228,4,1
30,7131,3,1
52,1868,1,1
27,7179,4,1
40,6847,4,1
26,1870,3,1
36,6278,2,1
51,8924,4,1
53,8881,1,1
27,2326,3,0
61,3892,5,1
35,5460,3,1
36,3229,5,0
47,2649,4,1
34,7388,4,1
29,2460,3,0
47,3300,4,1
21,8424,3,1
27,6891,2,0
45,6876,5,1
57,5527,5,1
51,5576,4,1
35,4498,5,0
46,8013,3,1
33,4074,1,0
57,2915,5,1
31,5207,1,0
56,5363,2,1
39,7235,1,1
55,3510,3,1
33,6026,5,0
27,8683,3,1
51,4145,3,1
33,5256,3,1
22,4750,4,0
43,2914,2,0
33,8909,1,1
47,2031,4,1
34,6047,1,1
32,2636,4,0
63,2869,4,1
37,3776,2,0
46,7331,2,1
59,7661,4,0
44,7007,2,0
47,8945,3,1
22,8351,1,0
22,3517,5,0
49,6260,2,1
49,6220,1,1
44,2435,3,0
37,4640,5,1
39,6007,4,1
40,5347,3,1
36,2454,5,1
28,6948,5,1
29,4573,2,0
28,7229,5,1
42,5345,5,0
38,8633,5,1
55,7655,5,1
37,3238,5,0
28,7474,5,1
46,2094,3,0
33,2449,2,0
28,8472,5,1
47,2546,2,0
28,1937,2,0
42,6084,4,1
26,8252,4,1
65,5736,5,1
45,6236,3,0
27,6135,4,1
19,7717,2,0
50,5757,4,1
35,5385,1,1
18,5131,2,0
32,8549,2,0
58,4642,3,1
39,5283,2,0
59,2857,4,1
63,8084,1,0
39,3544,3,0
63,6584,4,1
26,8156,4,1
58,7282,2,0
40,8483,4,1
19,4357,2,0
20,8052,2,0
39,4178,4,0
64,8269,2,1
46,5553,1,1
24,5204,4,1
52,8794,1,1
55,5251,3,1
59,5570,2,1
39,4913,5,0
35,6018,3,1
45,5891,2,0
63,3260,5,1
62,3135,3,1
39,4685,5,0
62,5385,1,0
45,3124,2,0
34,4362,5,1
61,8696,3,1
44,4049,1,0
19,7011,5,1
31,2284,1,0
63,2186,2,1
33,6517,5,0
25,3776,5,0
42,2977,5,0
40,5275,5,1
38,6290,1,0
61,1938,1,0
31,3493,4,0
30,4471,4,0
26,7009,4,1
50,8082,4,0
38,4920,3,0
60,6887,3,1
55,7270,3,1
49,4590,5,1
54,4838,3,0
39,4455,2,0
42,2897,5,1
23,5429,1,0
41,8970,3,1
53,3637,5,1
28,7449,3,0
60,4806,2,1
21,5512,5,1
50,3143,1,0
38,2588,1,0
63,3315,1,0
41,5825,3,1
38,3020,1,0
20,8267,2,0
42,8067,5,1
47,3458,1,0
53,2959,3,1
30,8538,3,1
33,3211,1,0
65,4130,3,0
62,3216,5,1
45,3713,3,0
19,6517,3,0
63,2525,5,1
41,7685,2,0
54,4396,5,1
63,2020,3,1
48,6778,3,0
59,3738,2,0
44,1866,1,0
56,2512,1,0
37,7870,2,0
50,7616,3,1
30,3555,5,1
57,5342,2,1
45,6279,4,0
49,3759,3,1
25,8091,1,0
28,6872,1,1
63,3469,5,0
32,2123,1,0
37,6391,1,0
51,6734,1,1
59,6127,1,1
61,5176,3,1
28,3342,1,0
24,7338,5,1
20,6003,2,0
31,3374,3,0
53,7756,2,0
27,3712,4,1
58,5066,4,0
37,7628,1,1
23,1892,2,0
54,2555,5,0
50,8297,4,1
38,8461,1,0
64,3487,2,0
33,4031,3,0
45,2027,4,0
51,5689,4,1
63,5862,4,1
63,3057,3,1
59,5562,2,1
42,7992,2,0
19,8642,2,0
59,5927,1,0
60,7897,1,1
62,7985,4,1
19,3339,5,0
31,2295,4,0
47,1986,1,0
56,4101,4,1
43,5053,5,1
63,2921,2,0
47,2285,1,0
65,7380,3,1
18,8200,1,0
22,4047,1,0
30,3845,2,0
31,8717,1,1
43,4565,5,1
36,4137,5,0
53,3378,5,1
28,3793,4,0
64,1842,5,1
27,6097,3,1
62,2958,3,1
39,7884,3,1
25,3533,5,1
54,5247,1,1
37,6054,2,1
33,5309,4,1
31,6287,4,0
54,8691,2,0
33,6157,1,0
62,3728,4,1
41,6050,3,1
35,6037,4,1
63,3977,1,0
49,8081,1,0
43,3667,1,0
40,3181,5,0
43,2105,1,0
50,4273,1,0
25,7938,3,1
23,4829,4,0
25,7589,3,1
62,4906,1,0
52,4922,1,0
42,2054,2,0
22,2531,5,0
43,7931,1,1
39,4583,3,0
40,3915,2,0
50,3821,4,1
34,8757,2,0
23,3986,1,0
61,4033,3,1
39,8743,5,1
44,8254,4,0
32,1856,1,0
44,7071,2,0
27,3606,5,0
55,5663,3,1
62,2610,4,1
31,4999,5,0
41,7191,1,1
38,8662,4,0
55,3386,3,0
63,6752,5,0
61,4754,1,0
22,3348,4,1
34,8813,1,0
51,6947,3,1
30,8940,4,1
20,1927,4,0
49,6472,3,1
54,4547,1,0
29,6665,3,1
57,7934,4,1
39,4205,2,0
65,7956,4,1
62,4697,4,0
39,3180,5,0
18,2719,4,1
65,7685,1,1
46,3476,3,1
55,7225,3,1
38,6592,2,0
61,2762,4,1
53,3667,2,0
64,6013,5,1
23,7426,1,0
46,1904,4,1
24,2827,5,0
59,4567,4,1
22,7842,2,0
35,8959,5,1
36,2536,3,0
63,7019,2,1
40,8139,2,1
52,3454,2,0
61,6181,4,1
43,7193,4,1
53,2821,2,0
26,5196,3,1
58,5538,4,0
23,4598,5,0
64,7771,1,1
47,2107,5,1
35,2397,1,0
54,2789,1,1
25,2423,3,1
34,3885,4,1
23,2644,5,1
33,2294,5,0
37,3212,3,1
49,3543,5,1
59,8070,3,1
29,3775,4,1
60,5755,3,1
64,5859,4,0
48,6390,5,1
58,3004,3,1
39,2576,2,0
59,7756,5,1
53,3138,2,0
54,6596,1,1
60,5124,4,1
27,6233,4,1
64,8710,2,1
31,8590,5,1
41,5563,1,0
43,8009,5,0
24,8095,1,1
30,7394,4,0
65,6663,1,1
33,5792,5,1
51,6973,5,1
44,7645,4,1
55,3641,2,0
63,2087,5,1
50,3721,3,1
56,3066,4,1
37,6230,4,1
61,3241,5,1
21,8783,4,1
61,8873,3,1
43,4394,4,0
48,5037,3,1
23,8135,5,1
50,2643,4,1
35,5882,4,1
18,8837,1,0
39,8064,2,1
21,3322,4,1
43,6809,2,0
26,8723,4,1
34,4628,2,0
41,5431,2,0
57,7663,1,1
47,7972,3,1
20,7800,4,1
23,5344,5,1
59,3016,3,1
65,5720,3,0
39,7600,5,1
58,6508,5,1
21,7699,3,1
31,5072,4,1
31,3390,2,0
32,3578,3,0
52,4707,4,0
51,3691,4,0
32,5873,2,0
55,3503,1,0
32,7677,4,1
64,7525,1,0
62,6584,3,0
31,3856,1,0
46,1891,3,0
32,8039,2,0
58,6934,5,1
50,3524,5,1
43,6998,1,0
59,5788,5,1
18,4006,4,0
24,6653,5,1
59,6930,3,1
61,7350,1,1
44,6480,4,1
59,6943,4,1
63,4720,3,1
62,2980,1,0
60,7507,5,1
47,6884,2,1
19,4447,2,0
58,8549,4,0
56,5311,5,1
57,3472,3,1
26,6110,5,1
54,2111,2,0
57,6774,4,1
61,7306,5,1
61,3530,1,0
19,3749,2,0
50,4864,5,1
44,4629,3,1
61,7411,1,0
18,5045,4,1
65,7119,5,1
60,8086,1,1
47,3628,3,1
48,2566,3,1
54,7358,5,1
27,6383,5,1
57,2529,1,0
39,3317,3,0
48,4922,2,0
38,4687,5,1
33,7346,4,1
54,7343,4,1
56,3906,5,1
56,4167,1,0
54,4649,3,1
36,5197,3,1
60,7148,3,0
48,2276,5,1
20,2238,2,0
23,1928,2,0
47,3471,4,1
32,7394,2,0
42,7180,4,1
63,8573,2,0
64,3475,3,1
46,3994,5,1
22,5290,4,0
24,6553,1,0
18,4276,5,0
43,7698,1,1
31,8835,2,0
37,7988,4,1
53,6477,2,1
50,4727,5,1
35,2548,4,1
21,8246,5,1
56,3420,4,0
44,4197,3,0
53,2680,1,0
49,8473,2,1
44,5366,5,1
34,5844,2,0
32,6220,4,1
21,7896,3,0
54,2045,3,1
40,2519,5,0
52,8344,3,1
46,2541,5,1
52,5916,2,1
35,3811,3,0
56,8512,4,1
57,3555,5,0
28,7918,3,0
33,2169,5,1
59,6647,4,1
56,7041,2,1
32,4242,2,0
51,5123,5,1
25,3329,1,0
42,2063,2,0
22,1841,5,0
31,4504,3,0
36,4927,4,0
37,6612,1,0
43,3926,4,0
45,7818,5,0
65,2471,4,0
29,2748,3,0
33,7755,5,1
43,7524,3,1
53,8260,4,1
63,7550,1,1
58,2163,1,1
37,2804,3,0
32,3560,2,0
52,5207,4,0
32,6023,3,1
18,8078,1,0
39,8234,4,0
51,1894,1,1
19,2361,2,0
40,8813,4,0
52,2558,3,1
42,7924,1,0
56,6454,5,0
43,6923,3,0
40,4552,1,0
60,8459,5,1
54,5173,5,1
50,5347,4,0
18,6193,1,0
57,3009,5,1
63,3134,5,1
41,1941,4,1
62,2630,5,1
27,6641,2,0
26,2408,2,0
40,3136,2,0
34,2138,1,0
31,5715,1,1
48,5863,3,1
40,4956,2,0
34,6231,1,0
24,2359,2,0
65,2875,1,0
21,4981,5,1
41,2401,4,0
61,2564,2,0
53,5335,1,1
22,6240,1,1
60,7779,2,1
63,7084,2,1
57,8712,5,1
30,2285,2,0
55,8966,5,1
55,7703,2,0
27,3611,1,0
60,4592,5,1
60,7432,5,1
24,8728,1,1
63,4969,1,0
43,8846,5,0
36,4743,1,0
23,2333,2,0
31,8293,4,0
25,5117,3,1
62,6361,1,1
65,8322,4,1
52,7546,1,1
49,2637,3,0
53,8687,2,1
54,4467,3,1
40,2044,4,0
61,8448,3,1
50,2084,4,1
62,5541,3,1
45,6667,5,1
57,7023,5,1
40,6481,1,0
27,6783,3,0
27,7248,5,1
36,6881,3,1
59,5429,4,0
30,7325,5,1
43,7966,4,1
56,8406,3,0
24,5000,3,0
51,6961,4,0
36,7307,4,1
38,6571,1,0
61,4973,2,0
46,4979,1,0
42,4969,2,0
52,5068,4,0
30,4326,5,0
35,8418,4,1
56,6971,4,1
20,2823,4,0
28,8674,4,1
61,4219,1,0
41,8532,4,1
31,2510,2,0
35,3268,2,0
39,8581,4,1
18,6068,3,1
51,8662,5,1
42,8997,1,0
24,4765,1,0
27,1867,3,1
32,4507,2,0
30,7689,1,0
41,5189,1,0
57,3683,3,1
33,3024,2,0
63,2812,1,0
27,8994,5,1
34,7896,2,1
35,7520,1,0
19,8414,5,1
49,5994,2,1
30,7378,4,1
48,6647,5,0
37,2169,2,0
25,5298,5,0
23,3577,4,0
54,8890,5,0
24,7150,1,1
61,6443,4,0
37,3132,4,0
47,6054,5,1
45,8441,2,0
41,5928,4,1
36,8159,3,1
44,3546,3,0
52,2977,2,1
49,8549,2,1
36,7926,2,0
38,3459,3,0
47,6112,5,1
53,2006,3,0
33,3862,3,0
53,7831,5,0
48,3101,1,1
46,5049,4,1
42,7604,1,0
52,6272,4,1
63,7504,5,1
64,7248,2,0
48,4367,2,0
31,7671,4,1
56,3353,1,0
63,2916,4,0
60,7164,1,1
36,7631,1,0
34,3601,1,0
25,1924,4,0
36,4712,2,0
56,4928,3,1
47,4354,3,1
31,2366,5,1
48,2592,1,0
41,3657,2,0
35,8234,5,1
28,6897,4,1
47,2033,1,0
20,7913,2,1
37,3653,3,0
56,5865,3,1
52,7542,3,1
63,5186,1,1
51,5949,1,1
48,5992,4,0
63,8427,2,0
54,6639,2,1
34,3580,4,0
32,6018,2,0
36,6578,1,1
31,3556,1,0
29,3676,5,0
53,2135,4,0
46,3493,1,1
64,8995,5,1
43,6351,4,1
48,7723,4,1
47,1947,2,0
44,8842,3,1
18,7306,4,1
63,2940,2,1
53,8783,2,0
29,8250,5,0
